team_1,Wisconsin,Winthrop,Wichita State,West Virginia,Virginia,Virginia Tech,Virginia Commonwealth,Villanova,Utah State,UCLA,Texas,Texas Tech,Texas Southern,Tennessee,Syracuse,St. Bonaventure,Southern California,San Diego State,Rutgers,Purdue,Oregon,Oregon State,Oral Roberts,Oklahoma,Oklahoma State,Ohio,Ohio State,North Texas,North Carolina,North Carolina-Greensboro,Norfolk State,Mount St. Mary's,Morehead State,Missouri,Michigan,Michigan State,Maryland,Loyola (IL),Louisiana State,Liberty,Kansas,Iowa,Iona,Illinois,Houston,Hartford,Grand Canyon,Gonzaga,Georgia Tech,Georgetown,Florida,Florida State,Eastern Washington,Drexel,Drake,Creighton,Connecticut,Colorado,Colgate,Cleveland State,Clemson,UC-Santa Barbara,Brigham Young,Baylor,Arkansas,Appalachian State,Alabama,Abilene Christian
Wisconsin,0.690747119,0.530811302,0.741414267,0.630916289,0.495007617,0.610779244,0.756613237,0.568306146,0.531297896,0.604941064,0.647057322,0.453412744,0.745162684,0.500572952,0.630589176,0.510576741,0.523755628,0.569104671,0.675026746,0.559108029,0.597226254,0.748259146,0.719240875,0.618750349,0.689085075,0.556049594,0.583075638,0.684042722,0.551625265,0.661889743,0.778298856,0.765430972,0.651772226,0.748575263,0.366115805,0.807843443,0.674817772,0.364962825,0.560466037,0.431987152,0.5588462,0.338219155,0.796960338,0.419296798,0.324442107,0.793713427,0.516218284,0.17761187,0.603247336,0.769243127,0.766275146,0.673211516,0.63694268,0.662284534,0.324067033,0.61413051,0.553954327,0.507605976,0.227521022,0.698713271,0.85229875,0.405001005,0.538593839,0.331849834,0.54401792,0.610488818,0.780555069,0.538532083
Winthrop,0.738536032,0.588595072,0.783823926,0.683717421,0.553491694,0.664931235,0.79721197,0.624736739,0.589068132,0.659452431,0.698652242,0.511964673,0.787134083,0.558986725,0.683413623,0.568828293,0.581723621,0.625499668,0.724275242,0.615928409,0.652190093,0.789864377,0.764130187,0.672388184,0.737033047,0.612991301,0.63880264,0.732466401,0.608735141,0.712280528,0.816159197,0.804938042,0.702994269,0.790142902,0.42210023,0.841684689,0.724084992,0.420888007,0.617231218,0.490253922,0.615677129,0.392579691,0.83232041,0.477290179,0.377852615,0.829517999,0.574358138,0.2145266,0.65786023,0.808268967,0.805676133,0.722622064,0.689306234,0.712642025,0.377450295,0.668069633,0.610976758,0.565910497,0.271385747,0.745724329,0.879478865,0.462592224,0.596148361,0.385783427,0.601396585,0.664659031,0.818120152,0.596088531
Wichita State,0.619511319,0.451964022,0.676381587,0.554781652,0.416754683,0.533561705,0.693824481,0.489702374,0.452448037,0.527461376,0.571993514,0.376828629,0.680666678,0.422175736,0.554434716,0.4319679,0.444962464,0.490515948,0.602254918,0.480360835,0.519435483,0.684214708,0.651254778,0.54192819,0.617678329,0.477266861,0.504817894,0.612129762,0.472801793,0.587971757,0.71902701,0.704027152,0.577055733,0.684577346,0.296283978,0.75397349,0.602026737,0.295248482,0.481736561,0.356660526,0.480095726,0.271429827,0.741017481,0.344839604,0.25930736,0.737170992,0.437517326,0.136019526,0.525695914,0.708457132,0.705007143,0.600273908,0.561186553,0.588399186,0.25897872,0.537073915,0.47515073,0.429053553,0.176753133,0.628325094,0.807928448,0.331632645,0.459723237,0.265813077,0.465153769,0.533257691,0.721670711,0.459661515
West Virginia,0.598956836,0.430676293,0.657199334,0.533364276,0.395927241,0.512021412,0.675179623,0.468155562,0.431155446,0.505900248,0.550733614,0.356775952,0.661611348,0.401263763,0.533014699,0.410915819,0.423749524,0.468966237,0.581398116,0.458855458,0.497856776,0.66526698,0.631394809,0.520426992,0.597089226,0.455778506,0.483235811,0.591439496,0.451340895,0.566904585,0.701256067,0.685722168,0.555852034,0.665640743,0.278601231,0.737606238,0.581166291,0.277603156,0.460224142,0.337100523,0.458591743,0.254693559,0.724103708,0.325599783,0.243069185,0.720100897,0.416393047,0.126186523,0.504129961,0.690305608,0.6867358,0.579385775,0.539821717,0.567337787,0.242754379,0.515548551,0.453674963,0.408041477,0.164536236,0.607945426,0.794170736,0.312777903,0.438362372,0.249304628,0.443747821,0.511716207,0.703998141,0.438301191
Virginia,0.836526064,0.721595815,0.867877595,0.796593708,0.691900515,0.782378028,0.876877775,0.75099635,0.721988177,0.778178983,0.807697643,0.655227682,0.870113971,0.696625818,0.796366039,0.705016736,0.715873467,0.751604647,0.82635322,0.743936929,0.772575371,0.871953075,0.854418974,0.788054337,0.835460865,0.741568003,0.762131614,0.832214384,0.738121782,0.817681328,0.889414062,0.882017831,0.81089375,0.872140408,0.569564134,0.90594062,0.826216504,0.568344909,0.7449853,0.635350791,0.743734553,0.539355737,0.899925153,0.62324131,0.523871312,0.898114303,0.709691361,0.33100964,0.776954128,0.884221843,0.882506834,0.825164336,0.800769163,0.817944246,0.523444326,0.784772439,0.739938808,0.702538604,0.402905701,0.841598179,0.929676791,0.609287793,0.727836349,0.532244999,0.732142162,0.782169979,0.890698281,0.727787121
Virginia Tech,0.700213761,0.541927082,0.749891508,0.641263249,0.506182513,0.621351926,0.764750309,0.579237759,0.542412086,0.615572518,0.657197643,0.46451237,0.753557887,0.511746168,0.640940088,0.521739981,0.534892099,0.580031006,0.684754988,0.570096367,0.607930764,0.756585662,0.728178524,0.629237944,0.698580393,0.567055133,0.593900503,0.693623566,0.562654217,0.671820054,0.785916061,0.773361549,0.661847877,0.75689472,0.376550622,0.814687249,0.684549346,0.37538424,0.571446471,0.442987364,0.569836043,0.348295753,0.804097759,0.430218617,0.334315598,0.800936476,0.52737196,0.184235589,0.613895278,0.777082354,0.774185602,0.682968577,0.647215163,0.672208992,0.333934752,0.6246681,0.56497117,0.518773111,0.235473079,0.708039129,0.857837872,0.415817091,0.549681659,0.341834688,0.55508307,0.621064495,0.788115859,0.549620146
Virginia Commonwealth,0.693796893,0.534375117,0.744149448,0.634243669,0.498586494,0.614177147,0.759239858,0.571814898,0.534861254,0.608357254,0.650319838,0.456963019,0.7478717,0.504151896,0.633917794,0.514153575,0.527325313,0.572611814,0.678159316,0.562634007,0.600665118,0.750946247,0.722122691,0.622121718,0.692143934,0.559580765,0.586551679,0.687128665,0.555163474,0.665086117,0.78075926,0.767991612,0.655014395,0.751260111,0.369444551,0.810055986,0.677951395,0.368287178,0.563989624,0.435503332,0.562372633,0.341430881,0.799267055,0.422786568,0.327587766,0.796047592,0.519792667,0.179712632,0.606668649,0.771774561,0.768829354,0.676353195,0.64024671,0.665479063,0.327210817,0.617517478,0.557488901,0.511183736,0.230046971,0.701718409,0.854091873,0.408455483,0.542149529,0.335031696,0.547566923,0.613887654,0.782997416,0.542087844
Villanova,0.750460608,0.603688418,0.794258451,0.697116779,0.568929705,0.678752526,0.807159259,0.639316664,0.604155794,0.673388709,0.711685692,0.527613075,0.797450119,0.574380843,0.696820144,0.584134454,0.596896413,0.640067028,0.736618262,0.630648232,0.666273167,0.800081702,0.775242725,0.686047114,0.749002873,0.627755658,0.653139489,0.744572055,0.623562158,0.724956593,0.825380651,0.814594487,0.715916285,0.800350107,0.437464009,0.849861316,0.73643343,0.43624097,0.631930947,0.505926652,0.630400802,0.407626878,0.840889253,0.492949253,0.392700263,0.838202213,0.589609622,0.225280299,0.671829241,0.817797841,0.815304423,0.735012014,0.702571821,0.725308306,0.392292102,0.681823413,0.625771051,0.581243985,0.283959268,0.757428746,0.885967964,0.478210246,0.611147668,0.400741979,0.61632642,0.678486121,0.827264062,0.611088611
Utah State,0.83640479,0.721417674,0.867775903,0.796450019,0.691711491,0.782227042,0.876782027,0.750830526,0.72181019,0.77802591,0.807559903,0.655027377,0.870013743,0.696438421,0.79622223,0.704832326,0.715693107,0.751439094,0.826225968,0.743768007,0.772419562,0.871854057,0.854308662,0.787906222,0.835338957,0.741398062,0.761970854,0.832090554,0.737950375,0.817549124,0.889326833,0.881925542,0.810757763,0.872041513,0.56934677,0.905865047,0.826089173,0.568127397,0.744816833,0.635145368,0.743565544,0.539135462,0.899845281,0.623033112,0.523650173,0.89803315,0.70950867,0.330813347,0.776800452,0.884131052,0.882414877,0.825036396,0.800627685,0.817812189,0.523223168,0.784622657,0.739768171,0.702353298,0.402692437,0.841479955,0.929618807,0.609076721,0.727660694,0.532024275,0.731968262,0.782018889,0.89061194,0.727611446
UCLA,0.483074786,0.32127041,0.545372597,0.416977993,0.290839275,0.396336748,0.565339019,0.355168297,0.32169662,0.390491874,0.434082925,0.257647407,0.550238901,0.295452142,0.416636589,0.303850649,0.315129287,0.355914251,0.464974519,0.346649768,0.382861503,0.554287151,0.517332557,0.40441712,0.481135014,0.343847143,0.369135083,0.475288192,0.339818847,0.450261482,0.594943314,0.577214241,0.439176998,0.554701888,0.194621173,0.637543176,0.464737577,0.193843112,0.347898933,0.241387169,0.34640926,0.176160303,0.62153353,0.232008979,0.167315587,0.616830056,0.308648498,0.082871757,0.388807646,0.58241648,0.578362652,0.462919516,0.423304588,0.450698306,0.167077236,0.399719752,0.341935616,0.30134212,0.109710329,0.492459787,0.707113133,0.221661277,0.328129303,0.172049436,0.33296336,0.396044534,0.59810195,0.328074521
Texas,0.57405287,0.405691233,0.633700245,0.507734762,0.371642151,0.486348572,0.652260915,0.442686863,0.40616242,0.48023228,0.525208866,0.333566235,0.638248224,0.376855552,0.507383717,0.386299293,0.398884765,0.443490212,0.556211677,0.433480333,0.472206891,0.642019686,0.607184109,0.494760009,0.572152128,0.430438192,0.457652668,0.56640665,0.426054152,0.541533758,0.679303346,0.663176236,0.53037011,0.642405455,0.258433816,0.717247628,0.555976556,0.257482202,0.434834148,0.314544852,0.433219528,0.235691353,0.703119128,0.303461363,0.224672812,0.698938448,0.391666558,0.115288901,0.478464835,0.667929255,0.664226978,0.554171103,0.514223847,0.541971834,0.22437477,0.489876399,0.428359548,0.383485048,0.150898622,0.583211224,0.776873258,0.29113493,0.413255078,0.230580093,0.418561951,0.486043428,0.682155589,0.413194824
Texas Tech,0.752472792,0.606263171,0.796013463,0.699386803,0.571570017,0.681097222,0.808830712,0.641797292,0.606729489,0.675753853,0.713891339,0.530297524,0.79918479,0.57701259,0.699091432,0.586749282,0.599486018,0.642545381,0.738703201,0.633154268,0.668664484,0.801799436,0.777114426,0.688363014,0.751022912,0.630269815,0.655576266,0.74661569,0.626087767,0.727099646,0.826928033,0.816216168,0.718102387,0.802066106,0.440117125,0.851230865,0.738519312,0.438892456,0.634433326,0.508619564,0.632907541,0.410231001,0.84232546,0.495642384,0.395272658,0.83965805,0.592214057,0.227166232,0.674200213,0.819397716,0.81692129,0.73710513,0.704818272,0.727449649,0.394863561,0.684156125,0.628290675,0.58386404,0.286154987,0.759402755,0.887051925,0.480899224,0.613704971,0.403332066,0.618870903,0.680831847,0.828798217,0.613646056
Texas Southern,0.434723499,0.280331531,0.496778287,0.370500665,0.252336506,0.35077591,0.516988744,0.311894824,0.280725894,0.345218693,0.386964465,0.222162182,0.501689476,0.256559628,0.370173154,0.264267259,0.274656291,0.31259395,0.416973533,0.303925003,0.337982422,0.505782217,0.468661124,0.358479008,0.432815318,0.301308502,0.325017624,0.427072376,0.297552567,0.402636334,0.54724886,0.529084594,0.391888498,0.50620188,0.165876788,0.591419971,0.416741999,0.165190071,0.305092102,0.20751541,0.303700359,0.149635894,0.574732005,0.199107789,0.141893552,0.569849434,0.268681312,0.069213689,0.343619648,0.534401351,0.530257347,0.414966135,0.376577562,0.403060831,0.141685254,0.353998075,0.299525506,0.26196255,0.092073068,0.443975937,0.665193715,0.189864719,0.286685581,0.146034281,0.291173683,0.350497784,0.550498418,0.286634766
Tennessee,0.849019113,0.740143695,0.878323193,0.811450634,0.711636166,0.798009992,0.886704707,0.768214671,0.740519317,0.794033164,0.821924834,0.676213141,0.880407125,0.716182945,0.811235654,0.724247059,0.734662398,0.768793855,0.839474516,0.761488366,0.788721319,0.882120229,0.865764034,0.803381035,0.84802053,0.759229263,0.778806731,0.844975878,0.755941046,0.831324144,0.898356399,0.891485281,0.824935734,0.882294695,0.592521114,0.913676273,0.839346122,0.591320257,0.762487821,0.656912608,0.761295411,0.562686819,0.908105348,0.645119215,0.547328441,0.906427128,0.728734196,0.352219392,0.792872551,0.893533781,0.891939852,0.838357895,0.815391789,0.83157144,0.546904296,0.800276317,0.757675025,0.721866746,0.42579018,0.853771364,0.935599098,0.631496878,0.746114751,0.555639514,0.750230623,0.797813026,0.899548501,0.746067675
Syracuse,0.808697914,0.681648662,0.844393657,0.763886556,0.649760584,0.748107845,0.854725785,0.713593387,0.682072518,0.743464369,0.776274514,0.610892675,0.84695744,0.654809746,0.763633141,0.66379906,0.675474502,0.714258291,0.797213145,0.705888848,0.73727987,0.84906755,0.829014149,0.754397429,0.807493116,0.703308307,0.725790559,0.803824384,0.699558591,0.787460296,0.869181091,0.860643662,0.779850532,0.849282577,0.522245456,0.888351805,0.797059121,0.521004918,0.70703165,0.590058932,0.705668299,0.491679972,0.881358776,0.577445693,0.476149477,0.879257045,0.668820036,0.290150216,0.742111352,0.863185027,0.861207315,0.795874034,0.768538327,0.787755482,0.475722523,0.750759198,0.701534993,0.661141091,0.357919643,0.814441931,0.916115581,0.562985384,0.688397959,0.484536634,0.693064591,0.747877591,0.870666106,0.688344652
St. Bonaventure,0.858099388,0.753873719,0.885877961,0.822317493,0.726315472,0.809469603,0.893801998,0.780900566,0.754236084,0.80566345,0.832312773,0.691915012,0.887849026,0.730718378,0.822112187,0.738520281,0.74858366,0.781457068,0.849026747,0.774434306,0.800576216,0.889468912,0.873986709,0.814606719,0.857150757,0.772261151,0.791070574,0.854257578,0.769096783,0.841269666,0.904802144,0.89831744,0.835183253,0.889633863,0.609940466,0.919237844,0.848904618,0.608757048,0.775395513,0.673097972,0.774248719,0.580478549,0.91399205,0.661574316,0.565262253,0.912410966,0.742857622,0.368971126,0.804552242,0.900251396,0.89874664,0.847964537,0.826080188,0.841505161,0.564841553,0.8116377,0.770765637,0.736218301,0.443644579,0.86261208,0.939841247,0.648239208,0.759631742,0.573500638,0.763597913,0.809281141,0.905926564,0.759586365
Southern California,0.703574692,0.545911774,0.752892044,0.644949964,0.510197112,0.625123646,0.767627824,0.583147545,0.546396091,0.619366541,0.660807221,0.468510032,0.756528719,0.515758807,0.644628284,0.525746602,0.538885917,0.583938716,0.688212059,0.574028629,0.611752638,0.759531642,0.731346228,0.632977511,0.701951842,0.570994279,0.597768653,0.697026412,0.566602802,0.675351721,0.788606245,0.776164562,0.665433416,0.759838147,0.380328938,0.817100032,0.688007645,0.379157971,0.575375582,0.446954399,0.573768905,0.351950607,0.80661569,0.434160432,0.337899813,0.803485109,0.531373778,0.186661967,0.617695573,0.779852449,0.776981363,0.686436267,0.650874013,0.675738494,0.337516955,0.628426541,0.568914863,0.522781854,0.238377068,0.711348496,0.859785526,0.419724155,0.553654454,0.345457682,0.559046439,0.624837349,0.790785759,0.553593044
San Diego State,0.783040643,0.646402167,0.82247291,0.734194629,0.612988056,0.717166369,0.833974371,0.680224496,0.646848638,0.712171958,0.747625732,0.572722832,0.825323147,0.618255886,0.733920447,0.627655831,0.639905543,0.68093223,0.770452765,0.672034866,0.705531864,0.827670853,0.805426084,0.723943452,0.781717873,0.669296448,0.693231836,0.77769316,0.665321429,0.759800676,0.850132468,0.840579909,0.751513089,0.827910184,0.482742733,0.871682538,0.770284272,0.481501459,0.673248321,0.551346329,0.671800733,0.452300428,0.863805506,0.538473627,0.436944589,0.861441703,0.632918088,0.258697048,0.710718117,0.843420597,0.84120974,0.768988148,0.739231681,0.760122575,0.436523496,0.720021518,0.667415978,0.624873598,0.322457253,0.789354376,0.903139528,0.523779528,0.653518889,0.445228101,0.658448709,0.716918534,0.851796847,0.653462618
Rutgers,0.581845177,0.413416307,0.641083607,0.515716791,0.379132481,0.494332013,0.659471197,0.450582303,0.413890218,0.488210749,0.53316807,0.340705257,0.645591185,0.384386679,0.515366006,0.393899848,0.406568897,0.451388374,0.564082523,0.441341604,0.480175203,0.649328153,0.614777043,0.502746382,0.579953764,0.438286975,0.465592036,0.574235091,0.433883893,0.549454059,0.68622265,0.670274602,0.538318849,0.649710343,0.264603288,0.723681264,0.563848302,0.263637034,0.442700785,0.321473152,0.441079751,0.24149471,0.709744144,0.310256033,0.230286608,0.705617697,0.399304006,0.118587607,0.486441421,0.674976545,0.671314175,0.562049644,0.522199673,0.549890856,0.229983327,0.49786162,0.436199456,0.391065516,0.155037662,0.590955371,0.782361866,0.297771592,0.421022148,0.236296506,0.426356285,0.494026678,0.689041523,0.420961573
Purdue,0.678976029,0.517207482,0.730820178,0.618126864,0.481379955,0.597736931,0.746428874,0.554877824,0.517695366,0.591833856,0.634503196,0.439932612,0.734667207,0.486939813,0.617795283,0.496942246,0.510136028,0.555681768,0.662949264,0.545622349,0.584039085,0.737846331,0.708096017,0.605802751,0.677280279,0.542546906,0.569758928,0.672137567,0.538099792,0.649577481,0.768744564,0.755496345,0.639292317,0.738170948,0.353552264,0.799233949,0.662736403,0.352416852,0.546988239,0.41865611,0.545359024,0.326120401,0.787991199,0.406077404,0.312603386,0.784639617,0.502587842,0.169784371,0.590122007,0.759419209,0.756364892,0.661100441,0.624237708,0.649979047,0.312235673,0.601127158,0.54044058,0.493970745,0.218077249,0.687108047,0.845299631,0.391928128,0.525013751,0.319868795,0.530458299,0.597443188,0.771069409,0.524951781
Oregon,0.617778215,0.450145109,0.674771534,0.552966463,0.414970176,0.531733024,0.692261726,0.487866787,0.450628778,0.525630042,0.570194133,0.375105131,0.679067828,0.420384747,0.552619253,0.430166296,0.443148944,0.488680232,0.600493901,0.478527428,0.517601491,0.68262534,0.649584479,0.540104038,0.615942052,0.475434458,0.502981494,0.610384181,0.470971089,0.586190953,0.717540523,0.702494143,0.575261831,0.682988957,0.294754624,0.752608275,0.600265381,0.293722242,0.479902753,0.354976727,0.4782624,0.269979546,0.739605202,0.343181842,0.257898922,0.735745217,0.435710331,0.135158537,0.523863914,0.706937517,0.703477072,0.598509967,0.559376737,0.58661893,0.257571446,0.53524701,0.473319096,0.427254961,0.175686736,0.62660794,0.806785908,0.330006393,0.457899189,0.264381916,0.463326652,0.531428865,0.720192767,0.457837504
Oregon State,0.486237067,0.324037458,0.54850996,0.420059194,0.293457547,0.399369904,0.568447626,0.358073276,0.324465585,0.393509459,0.437195741,0.260076454,0.553370184,0.298094485,0.419717084,0.306535424,0.317868213,0.358821936,0.468125614,0.349522839,0.385857451,0.55741292,0.520493291,0.407470374,0.484296494,0.346709312,0.372088381,0.478446679,0.342664996,0.453397365,0.597990752,0.580300969,0.442297793,0.557827069,0.196613397,0.640463799,0.467888471,0.195829307,0.350776798,0.243713245,0.349281403,0.17800532,0.624507178,0.234272593,0.169086981,0.619818054,0.311356705,0.083839147,0.391820582,0.585492502,0.581447075,0.466068816,0.426398348,0.45383472,0.168846618,0.402761525,0.344790235,0.304014409,0.110953113,0.4956246,0.709728405,0.22385336,0.330926623,0.173860485,0.335781294,0.399076933,0.601141556,0.330871604
Oral Roberts,0.604111144,0.435956671,0.662027476,0.538712349,0.401081717,0.517392762,0.679877877,0.473513271,0.436437195,0.511274664,0.556048315,0.361725942,0.666408892,0.406440969,0.53836331,0.416131005,0.42900897,0.47432495,0.586622345,0.46419963,0.503232772,0.670038543,0.636385308,0.525791509,0.602251597,0.461117379,0.488607551,0.596625352,0.456671406,0.572176593,0.705741528,0.690337871,0.561154434,0.670409618,0.282943711,0.741746918,0.586391354,0.281936159,0.46557054,0.341922642,0.463935478,0.25879708,0.728378998,0.330339369,0.247047499,0.724414609,0.421627994,0.128576774,0.509504963,0.694883947,0.691343317,0.584617175,0.545158894,0.572608497,0.24672922,0.520917404,0.459009977,0.413245774,0.167513657,0.613058841,0.797663662,0.317418694,0.443663549,0.253350839,0.449062053,0.517087748,0.708459548,0.443602213
Oklahoma,0.719215656,0.564725139,0.766793303,0.662199096,0.529214106,0.642802525,0.780941305,0.601544206,0.565205371,0.637159333,0.677670988,0.487519782,0.770287814,0.534756774,0.661884851,0.544698637,0.557754558,0.602324272,0.704322976,0.592546539,0.629688548,0.773171917,0.746050732,0.650493088,0.717644071,0.589549779,0.615945015,0.712871891,0.585210263,0.691829601,0.801029336,0.789123303,0.682177803,0.773466221,0.398443029,0.828213381,0.704124584,0.397252044,0.593876365,0.465856142,0.592290087,0.369519082,0.818224367,0.452964264,0.355151287,0.815238667,0.550293289,0.198506992,0.63552051,0.79265472,0.789905616,0.702599292,0.667983501,0.692205691,0.354759355,0.646037855,0.587495328,0.541749098,0.252485046,0.726738585,0.868721929,0.438387153,0.572398298,0.362883537,0.577736546,0.642522008,0.803112744,0.572337474
Oklahoma State,0.584404666,0.415971929,0.643502665,0.51834598,0.381614047,0.496964056,0.661831697,0.453190171,0.416446689,0.490841836,0.535787796,0.343074285,0.647996543,0.386881205,0.517995319,0.396416357,0.409111712,0.453997053,0.566669763,0.443939205,0.482803838,0.651721831,0.617267552,0.50537845,0.582516524,0.440880786,0.468212745,0.576807281,0.436471893,0.552059176,0.688485307,0.672597393,0.540934558,0.65210281,0.26665718,0.725781746,0.566435864,0.265686135,0.445300009,0.323774126,0.443677035,0.243428604,0.711908395,0.312513698,0.232158219,0.707800049,0.401832151,0.119692573,0.489072085,0.677282161,0.673633208,0.564639638,0.524826095,0.552495505,0.231853216,0.500493856,0.438790563,0.393575676,0.156421986,0.593498056,0.784149326,0.299977921,0.423590834,0.238201846,0.428933405,0.496658692,0.691292998,0.42353016
Ohio,0.64702267,0.481449667,0.701760488,0.583829205,0.44581187,0.56290294,0.718404967,0.519317037,0.481937491,0.556867649,0.600726296,0.405035245,0.705855672,0.451318418,0.58348791,0.461246956,0.474386724,0.520129663,0.630269341,0.509975141,0.548914075,0.709243384,0.677665123,0.571166124,0.645246321,0.506876482,0.534389401,0.639864572,0.50240064,0.61635134,0.742335575,0.728109524,0.605682953,0.709589479,0.321572726,0.775289024,0.630047359,0.320489099,0.51135222,0.384288447,0.50970972,0.295487956,0.763102826,0.372081436,0.282707946,0.759477886,0.466863375,0.150555763,0.555119387,0.732316102,0.729040466,0.628341755,0.590124958,0.616768517,0.282360953,0.56637377,0.504755837,0.458294447,0.19466172,0.65555349,0.825650332,0.358401895,0.489263169,0.289571234,0.494723122,0.562602373,0.744837791,0.489201072
Ohio State,0.572680795,0.404339572,0.632397269,0.506332772,0.370333243,0.48494746,0.6509876,0.441303468,0.404810258,0.478832363,0.523809968,0.332320505,0.636952158,0.375539255,0.505981701,0.384970389,0.397540612,0.442106297,0.554826699,0.432103402,0.470809177,0.640729526,0.605845479,0.49335794,0.570778508,0.429063606,0.456260793,0.565028608,0.424683127,0.540140845,0.678080181,0.661922173,0.528972781,0.641115908,0.257360318,0.716108703,0.554591432,0.256411291,0.433456206,0.31333676,0.431842793,0.234682428,0.701946943,0.302277068,0.223697249,0.697756852,0.390330934,0.114718023,0.477065341,0.666683994,0.662974839,0.552784877,0.512822606,0.540579122,0.223400128,0.488474789,0.426986622,0.382159796,0.150181348,0.58184716,0.775899465,0.289978713,0.411895682,0.229586475,0.41719751,0.484642366,0.680938193,0.411835486
North Texas,0.643696347,0.47782228,0.698709795,0.580293663,0.442224005,0.559323808,0.715455495,0.515688075,0.478309819,0.553278317,0.597235273,0.401537773,0.702829129,0.447722039,0.579951555,0.457637449,0.470764242,0.516501125,0.626876185,0.506342694,0.545312922,0.706237192,0.674482286,0.567602679,0.641912523,0.50324344,0.530771414,0.636508689,0.498767231,0.612908902,0.739545883,0.725222821,0.60220657,0.706585384,0.318410253,0.772746892,0.626653373,0.317332297,0.507720128,0.380855445,0.506077212,0.292471421,0.760465427,0.368692184,0.279770067,0.756812991,0.463247709,0.148706488,0.551527299,0.729457466,0.72615993,0.624941436,0.58660503,0.613327474,0.279425276,0.562800984,0.501122548,0.454688546,0.192393396,0.652264353,0.823548264,0.355066788,0.485632045,0.286590529,0.49109044,0.559022708,0.742065777,0.485569971
North Carolina,0.734983237,0.584152071,0.780703781,0.679742753,0.548960097,0.660837596,0.794234332,0.620432351,0.584626635,0.655326552,0.694781474,0.50738672,0.784048552,0.554466006,0.679436928,0.564329829,0.57725971,0.621198725,0.720601978,0.611585803,0.64802319,0.786807702,0.760812534,0.668340206,0.733467199,0.608636586,0.634565218,0.72886141,0.604363445,0.708511778,0.813394649,0.802045681,0.699155258,0.787089186,0.417638188,0.839228374,0.720410172,0.416429545,0.612894084,0.485676908,0.611333474,0.388220075,0.829748194,0.472721955,0.373555966,0.826911734,0.569873743,0.211455936,0.65372519,0.805414056,0.802792035,0.718935323,0.68536948,0.708876076,0.373155477,0.66399496,0.606613923,0.561405064,0.267778677,0.742235118,0.877523612,0.458041405,0.591730352,0.381451888,0.596997177,0.660563764,0.815378422,0.591670316
North Carolina-Greensboro,0.693547413,0.534082975,0.743925852,0.633971267,0.498292979,0.613898898,0.759025179,0.571527412,0.534569152,0.608077486,0.650052803,0.456671691,0.747650253,0.503858397,0.63364529,0.513860288,0.527032663,0.572324462,0.677903011,0.562345075,0.600383464,0.750726601,0.721887039,0.62184567,0.691893706,0.559291395,0.586266928,0.686876205,0.55487351,0.664824546,0.780558224,0.76778235,0.654749042,0.75104065,0.369171087,0.809875271,0.677695003,0.368014071,0.563700892,0.43521472,0.562083662,0.341166934,0.799078622,0.422500077,0.327329201,0.795856908,0.519499602,0.179539621,0.606388455,0.771567696,0.76862062,0.676096138,0.639976241,0.665217644,0.326952405,0.617240136,0.557199244,0.510890362,0.229839079,0.701472606,0.853945501,0.408171835,0.541858083,0.334770181,0.547276046,0.613609328,0.78279786,0.541796392
Norfolk State,0.532905913,0.366235996,0.594242536,0.466139262,0.333639335,0.444921575,0.613583397,0.402067786,0.366689632,0.43888112,0.483588132,0.297612822,0.598970391,0.338606908,0.465789764,0.347626864,0.359690853,0.402850705,0.514797962,0.393110148,0.430973784,0.602896569,0.566822574,0.453248757,0.530971578,0.390156206,0.416687094,0.525132072,0.385904461,0.499981663,0.641982693,0.625014815,0.488761412,0.603298447,0.227810317,0.682277379,0.51456005,0.226936959,0.394425663,0.279780939,0.392856788,0.207010466,0.667212244,0.2694409,0.196987179,0.662768439,0.352765672,0.099354981,0.437137869,0.630005902,0.626117488,0.512733785,0.472607118,0.500422814,0.196716544,0.448411234,0.388139524,0.344936002,0.130770598,0.542243498,0.746672806,0.257984532,0.373526564,0.202356513,0.378652498,0.444619923,0.644993395,0.373468415
Mount St. Mary's,0.549836201,0.382203955,0.610574246,0.483142428,0.348968638,0.461820303,0.62962184,0.418566222,0.382665427,0.455738789,0.500630916,0.312062033,0.61523502,0.354043185,0.482791712,0.363248501,0.37554254,0.419358736,0.531807954,0.409492745,0.447770099,0.619103223,0.583484365,0.47019585,0.547912499,0.406498155,0.43335065,0.54210202,0.402185769,0.517023762,0.657500368,0.640856507,0.505807939,0.619499051,0.240028703,0.696873201,0.531570792,0.239123008,0.410825971,0.293726446,0.409235946,0.218428835,0.682177755,0.283073583,0.207997694,0.677837297,0.368487799,0.1056262,0.453982754,0.645756246,0.641939283,0.529750038,0.489629831,0.517464389,0.207715846,0.465331392,0.404453024,0.360503539,0.138719333,0.559115343,0.75935378,0.271252788,0.389616977,0.213587319,0.394824559,0.46151672,0.660449597,0.389557881
Morehead State,0.621909619,0.45448847,0.678607388,0.557296396,0.41923291,0.536096083,0.695984235,0.492248279,0.454972944,0.529999703,0.574485606,0.379223806,0.682876825,0.424662728,0.556949855,0.434469204,0.447479736,0.493061997,0.604692583,0.482904133,0.52197785,0.686411612,0.653564881,0.544455921,0.620081098,0.479808903,0.507364251,0.61454564,0.47534168,0.59043743,0.721080454,0.706145418,0.579540016,0.686772882,0.298412357,0.755858253,0.604464882,0.297372565,0.484280355,0.359001361,0.482638925,0.273449041,0.742967662,0.347144719,0.261268732,0.739139941,0.440025871,0.137221125,0.528235242,0.710556728,0.707121313,0.602715705,0.563693572,0.59086408,0.260938482,0.539605676,0.477691802,0.431550802,0.178240338,0.630700957,0.809504305,0.333894469,0.462254469,0.267805866,0.467689018,0.535792284,0.723712258,0.462192698
Missouri,0.415677744,0.264880316,0.477309455,0.352513941,0.237918197,0.333239849,0.497510923,0.295418044,0.265260954,0.327820168,0.368646538,0.208986081,0.482212608,0.24197811,0.352193434,0.249394632,0.25940513,0.29609613,0.398157682,0.287693222,0.320769933,0.48630152,0.449310342,0.340759978,0.413791966,0.285159214,0.308158056,0.408119814,0.281523474,0.38404129,0.527876937,0.50963189,0.373479486,0.486720938,0.155372087,0.572461474,0.397929465,0.154720792,0.288823853,0.194990225,0.287475621,0.139987092,0.555581042,0.186970344,0.132666104,0.550650503,0.25364591,0.064358186,0.326261556,0.514966933,0.510808295,0.396179314,0.358463817,0.384458799,0.13246926,0.336384393,0.283433016,0.247176053,0.085761683,0.424829467,0.647618788,0.178165379,0.271016033,0.136580416,0.275353519,0.332968496,0.531146412,0.27096694
Michigan,0.862327986,0.760340765,0.889385473,0.827397903,0.733250404,0.814834649,0.897094258,0.786858249,0.760696631,0.811110662,0.837163984,0.699360815,0.891303391,0.737582053,0.827197234,0.745254423,0.755144557,0.787403739,0.853479543,0.7805184,0.80613171,0.892879403,0.877809286,0.819859303,0.861403058,0.778387086,0.796823668,0.858581794,0.775283069,0.845909726,0.907788568,0.901485144,0.839967388,0.893039876,0.618274434,0.921810545,0.853360394,0.617100428,0.781460997,0.680788739,0.780336399,0.58901785,0.916716717,0.669403034,0.573883917,0.915181073,0.749517946,0.377196518,0.810023256,0.903365333,0.901902435,0.852443217,0.831075113,0.846139596,0.573465264,0.816955501,0.77692018,0.742991097,0.452341355,0.866727087,0.941799175,0.656216105,0.765994456,0.582079714,0.769887443,0.814650278,0.908881267,0.76594991
Michigan State,0.488427518,0.325960809,0.550680253,0.422196511,0.295278676,0.401474826,0.570597108,0.36009103,0.32639025,0.395603837,0.439354194,0.261767178,0.555536045,0.299932175,0.421853926,0.308402287,0.319772269,0.360841538,0.470309164,0.351518796,0.387937153,0.55957478,0.522681063,0.409588876,0.48648648,0.348697815,0.374139081,0.480634867,0.34464254,0.455571059,0.600096604,0.582434779,0.444461544,0.559988503,0.198001957,0.642480182,0.470071893,0.197213689,0.352776033,0.245332864,0.351276726,0.179291791,0.62656087,0.235849038,0.170322353,0.621881865,0.313239667,0.084515038,0.39391181,0.587618675,0.58357924,0.468251219,0.428544085,0.456008762,0.170080594,0.404872273,0.346773574,0.305872691,0.11182091,0.497816363,0.711531294,0.22538033,0.332870729,0.175123382,0.337739524,0.401181342,0.603241854,0.332815547
Maryland,0.563984938,0.395832067,0.624119017,0.497471521,0.362106284,0.476099528,0.642891589,0.432583037,0.396299438,0.469994191,0.514961911,0.324502805,0.628716259,0.367264101,0.497120407,0.376612751,0.389082718,0.433382308,0.546055511,0.423426987,0.461987821,0.632529881,0.59735,0.484500905,0.562073542,0.420403044,0.447481526,0.556297679,0.416046552,0.531324728,0.670294336,0.653944975,0.520132772,0.632920029,0.250644049,0.708847686,0.545819403,0.249711461,0.424772946,0.305761133,0.423167712,0.228375983,0.694478248,0.294854015,0.217602068,0.690229495,0.381929189,0.111167028,0.468230482,0.65876123,0.655009533,0.544006523,0.503963724,0.531764124,0.217310776,0.47962243,0.418337266,0.373826089,0.145713299,0.573198819,0.769675842,0.282735289,0.403336845,0.223377001,0.408605048,0.475794858,0.673188156,0.403277043
Loyola (IL),0.876688889,0.782658866,0.901247165,0.844746446,0.757285964,0.833191368,0.908214613,0.80733267,0.782991051,0.829759432,0.853704483,0.72530604,0.902981851,0.761354338,0.844562157,0.768549772,0.777805143,0.807838557,0.868622827,0.801448153,0.825166089,0.904406696,0.890759872,0.837817039,0.875846551,0.799467865,0.816563975,0.873276044,0.796581952,0.861708603,0.917859076,0.912177457,0.856272013,0.904551746,0.647692257,0.930466993,0.868514095,0.646557004,0.802323629,0.707666778,0.801279089,0.619302045,0.925891771,0.696812815,0.604534563,0.924511373,0.772542409,0.407385402,0.828756719,0.913873075,0.912553849,0.867677002,0.848121898,0.861918752,0.604125251,0.835144503,0.798104304,0.766428549,0.483871857,0.880692597,0.948366613,0.684203427,0.787932907,0.612538856,0.791560234,0.833021529,0.918843108,0.78789138
Louisiana State,0.636641205,0.470186054,0.692223124,0.572816246,0.434683103,0.551761374,0.709179293,0.508035459,0.470672824,0.545696403,0.589846351,0.394200335,0.696392609,0.440161367,0.572472534,0.450045783,0.463140768,0.50884912,0.619684768,0.498685963,0.537708776,0.699842963,0.667722062,0.560070572,0.634842097,0.495586525,0.523136742,0.629393167,0.49111109,0.605617644,0.733603192,0.719077465,0.594846981,0.700195518,0.31180042,0.7673234,0.619460268,0.31073464,0.500063666,0.373659972,0.498420441,0.286173969,0.754841821,0.361592303,0.273640328,0.751131698,0.455641161,0.144870735,0.543940163,0.723370692,0.720027441,0.617735467,0.57915851,0.606039033,0.273300225,0.555250773,0.493465847,0.447105471,0.18767921,0.645285376,0.819053273,0.34808462,0.477985256,0.280369526,0.483438482,0.55145925,0.736160069,0.477923251
Liberty,0.833784096,0.717576941,0.865576988,0.793347413,0.687638535,0.778967808,0.874711262,0.747253231,0.717972753,0.774721908,0.80458509,0.650714498,0.867846376,0.692400144,0.793117055,0.70085775,0.71180498,0.747867602,0.823476629,0.740124411,0.769056883,0.86971278,0.851924001,0.78470859,0.832704604,0.737732649,0.758502056,0.829414844,0.734253611,0.814693295,0.887439826,0.87992938,0.80782062,0.869902902,0.564674607,0.904229656,0.823338132,0.563452147,0.741182961,0.630724054,0.739920076,0.534403571,0.898117071,0.618553171,0.518901166,0.896277275,0.705570759,0.326614073,0.773483521,0.882167194,0.880425865,0.822272285,0.797572573,0.814959546,0.51847382,0.781389257,0.73608788,0.698359627,0.398123575,0.838924906,0.928363452,0.604536197,0.723873088,0.527283389,0.728218188,0.778757421,0.888744104,0.723823414
Kansas,0.79147159,0.657822559,0.829704784,0.743902917,0.624861334,0.727265563,0.840828388,0.691074571,0.658262233,0.722380454,0.757005821,0.584995093,0.832462563,0.630065084,0.743635253,0.639343872,0.651422611,0.691769173,0.779234961,0.683033335,0.715881912,0.834733528,0.813194666,0.733890448,0.790186449,0.68034307,0.703832728,0.78627519,0.676436639,0.768868149,0.856434262,0.847211189,0.760794923,0.834965007,0.495322045,0.877209055,0.779071066,0.494079322,0.684225217,0.563764908,0.682803348,0.464799291,0.869620536,0.550958322,0.449367267,0.86734216,0.644534494,0.268468328,0.720957972,0.849954807,0.847819565,0.777810219,0.748818936,0.769181588,0.448943748,0.730057137,0.67849524,0.636598408,0.333553202,0.797603391,0.90745506,0.536319433,0.664828611,0.457694847,0.669678849,0.72702321,0.858040342,0.664773234
Iowa,0.891068571,0.805571878,0.913047075,0.862265824,0.78212927,0.851785885,0.919256575,0.828215404,0.805877729,0.84866703,0.870368126,0.752352242,0.914594127,0.785898953,0.862098936,0.792555977,0.801099815,0.828678094,0.883818465,0.822828726,0.844488229,0.91586432,0.903678974,0.85598505,0.890312172,0.821014057,0.836648598,0.888002867,0.818367774,0.87759127,0.927832983,0.922783213,0.872686818,0.9159936,0.678998199,0.939011716,0.883720626,0.677913659,0.823630675,0.735817143,0.822673839,0.651774402,0.93495943,0.725603098,0.637529298,0.933735845,0.796244285,0.441636395,0.847755249,0.924291059,0.923117983,0.882967299,0.865321105,0.877780706,0.637133637,0.853559567,0.819763975,0.790594823,0.518922501,0.894661493,0.95481851,0.713699115,0.810424584,0.645257649,0.813758134,0.851631608,0.928706812,0.810386402
Iona,0.51258932,0.34754569,0.574463466,0.445937959,0.315783672,0.424907932,0.594103145,0.38265294,0.347988887,0.418934121,0.463286865,0.280872538,0.57925861,0.320613305,0.445590966,0.329392655,0.341154764,0.383422296,0.494440952,0.373857397,0.411122854,0.583243495,0.546726425,0.433152837,0.510648109,0.370959696,0.397035065,0.50479156,0.366791325,0.479631379,0.623054591,0.605740555,0.46843997,0.583651527,0.213801191,0.664365861,0.494202865,0.212966727,0.37514831,0.263667153,0.373608807,0.19395914,0.648888494,0.253712854,0.184420822,0.644330439,0.334400082,0.092300959,0.41721119,0.610828445,0.606864256,0.492375568,0.452363026,0.480071814,0.184163493,0.428361757,0.368982204,0.326772239,0.121787732,0.521968727,0.730960048,0.242703061,0.354672412,0.189528475,0.359688162,0.424609471,0.62613177,0.354615536
Illinois,0.74142637,0.59222775,0.786358453,0.686956887,0.55720115,0.668269759,0.799629656,0.628251846,0.592699523,0.662817862,0.701805456,0.515717267,0.789640216,0.562686599,0.686654774,0.572508744,0.585374233,0.629011872,0.727265007,0.619475769,0.655589811,0.792346845,0.766826922,0.675688646,0.739934148,0.616548899,0.642261437,0.735399796,0.612307119,0.715349239,0.818402446,0.807285883,0.70612116,0.792622943,0.425768785,0.843676129,0.727076043,0.424553766,0.620773953,0.494008464,0.619225374,0.396167563,0.834406469,0.48103913,0.381390403,0.831631869,0.578026403,0.217068728,0.661233312,0.81058615,0.808017209,0.725622965,0.692514201,0.71570842,0.380986622,0.67139234,0.614541231,0.569597009,0.274366302,0.748562257,0.881062074,0.466328722,0.599759696,0.389348999,0.604992086,0.667998913,0.82034474,0.599700042
Houston,0.939405662,0.887037669,0.952155114,0.922268885,0.871855066,0.915909225,0.955707303,0.901355305,0.887233307,0.914003481,0.927139724,0.852020945,0.953042147,0.87432174,0.922168138,0.87865395,0.884169983,0.901644393,0.93513853,0.897979577,0.911440569,0.953769428,0.94675471,0.918465563,0.938961914,0.896838133,0.906602843,0.937605072,0.895169758,0.931448679,0.960578024,0.957715113,0.928526346,0.9538434,0.800355047,0.966865659,0.935080734,0.799559488,0.89848333,0.840731821,0.897882235,0.78009003,0.964594309,0.833657081,0.769235549,0.963906713,0.881041221,0.599845088,0.913445203,0.958571452,0.957905345,0.934635537,0.924110297,0.931561267,0.768931547,0.916990323,0.896050574,0.877380826,0.671520325,0.941508919,0.975640611,0.825312193,0.890134386,0.775146173,0.892252646,0.915815097,0.961071997,0.890110081
Hartford,0.502774515,0.338695096,0.564836858,0.436257091,0.307360893,0.415341369,0.584599558,0.373419993,0.339132873,0.409406307,0.453537665,0.273009383,0.569659217,0.31212047,0.435911705,0.320777065,0.33238401,0.374182037,0.48462813,0.364711298,0.401649893,0.573668104,0.536978092,0.423537354,0.50083228,0.361843521,0.387673013,0.494974438,0.357719333,0.469839323,0.613788204,0.596324305,0.458675003,0.574078665,0.20727452,0.655553592,0.484390241,0.20645884,0.36598909,0.256114125,0.36446525,0.187893424,0.639890123,0.246349576,0.17858731,0.635280912,0.325717133,0.089063135,0.407695067,0.601453759,0.597457008,0.48256461,0.442654111,0.470278893,0.17833634,0.418774057,0.359886822,0.318192667,0.117649609,0.512163042,0.723167685,0.235558455,0.3457365,0.183569764,0.350694554,0.415044777,0.616894516,0.34568029
Grand Canyon,0.762648251,0.619409074,0.8048632,0.71090613,0.585081501,0.693009765,0.817252047,0.654433038,0.619869585,0.687774496,0.725073346,0.544072357,0.80793014,0.590475411,0.710617394,0.600116971,0.612713648,0.655168916,0.749256085,0.645926698,0.680823811,0.810457927,0.786564233,0.700123643,0.761239062,0.64308606,0.667977407,0.756954156,0.638965939,0.737954918,0.834715062,0.824382801,0.729182248,0.810715697,0.453812712,0.858112057,0.749077101,0.452580739,0.647186038,0.522457642,0.645683753,0.423700381,0.849545759,0.509493476,0.40859116,0.846978306,0.605523819,0.23704075,0.686251711,0.82745286,0.825063306,0.747700512,0.71621392,0.73829601,0.408177583,0.696005403,0.641136463,0.597260999,0.297606233,0.769380645,0.892485514,0.494742462,0.626755376,0.416734987,0.631851478,0.692749831,0.836517736,0.626697241
Gonzaga,0.901475077,0.822519281,0.921538798,0.875038052,0.800614303,0.865378203,0.927190243,0.843572338,0.822804337,0.862499197,0.88249141,0.772629234,0.922947517,0.804144241,0.874884394,0.81037085,0.818349128,0.844001457,0.894835849,0.838573352,0.858638727,0.924103784,0.912998399,0.869251384,0.900782892,0.836887979,0.851386912,0.898668942,0.83442906,0.889125092,0.934983554,0.930396599,0.884622001,0.924221451,0.702909594,0.945120171,0.894746183,0.701870371,0.839317951,0.75701074,0.838429527,0.676748271,0.941448446,0.74733473,0.662996554,0.940339147,0.813816822,0.46941239,0.86165717,0.931766767,0.93070084,0.894055722,0.877850149,0.88929893,0.662613981,0.86701462,0.835726581,0.808537429,0.54679917,0.904761443,0.959412222,0.736030544,0.827039817,0.670462583,0.830142435,0.865235835,0.935776793,0.827004267
Georgia Tech,0.627348218,0.460245201,0.683645287,0.563011353,0.4248909,0.541859733,0.700869816,0.498046625,0.460730629,0.535773507,0.580145837,0.384699503,0.687878581,0.430339699,0.562665775,0.440176971,0.453221448,0.49886051,0.610223622,0.488698349,0.527762395,0.691382812,0.658797955,0.550202852,0.625530161,0.485600857,0.5131607,0.620025447,0.481129585,0.596034677,0.72572167,0.710935527,0.585181561,0.691740927,0.303291287,0.760113288,0.609997052,0.302241819,0.490075434,0.364356445,0.488432964,0.278081601,0.747372272,0.35242018,0.265770425,0.743587507,0.445749101,0.139990493,0.534011664,0.71530392,0.711902005,0.608256484,0.569389755,0.596459482,0.265436529,0.545362701,0.483481952,0.437249873,0.181663241,0.636087095,0.813055611,0.339073151,0.468025172,0.272378664,0.473467831,0.541556481,0.72832618,0.467963301
Georgetown,0.62072987,0.453245591,0.677512815,0.556058953,0.418012566,0.534848842,0.694922237,0.490995081,0.453729842,0.528750479,0.573259419,0.378044113,0.681789974,0.423438102,0.555712216,0.433237592,0.446240345,0.491808733,0.603493364,0.481652158,0.520726586,0.685331294,0.652428704,0.543212005,0.61889914,0.478557526,0.506110928,0.613357199,0.474091335,0.589224342,0.720070863,0.705103876,0.578317703,0.685693238,0.297363633,0.754931763,0.603265425,0.296325952,0.483028145,0.357848313,0.481386997,0.272453978,0.74200895,0.346009197,0.260302113,0.738171983,0.43879073,0.136628565,0.526985514,0.70952439,0.706081791,0.60151444,0.562459971,0.589651378,0.259972654,0.538359745,0.476440889,0.430321169,0.177507088,0.629532298,0.808729879,0.332780196,0.4610083,0.266823797,0.466440907,0.534544935,0.72270853,0.460946553
Florida,0.462481868,0.303524973,0.524820239,0.397038546,0.274095912,0.376746521,0.544936128,0.33647872,0.303938184,0.37101299,0.413906221,0.242162366,0.529716832,0.278547527,0.39670236,0.286661019,0.297574339,0.337205949,0.444489722,0.328180314,0.363536223,0.533793292,0.496682451,0.38468201,0.460551114,0.325452631,0.350109593,0.454735208,0.321534233,0.429904042,0.574885097,0.556931907,0.418938799,0.534211074,0.181995452,0.618240858,0.444254552,0.181256506,0.329396479,0.226581114,0.327946189,0.164487602,0.601910993,0.217613148,0.156117893,0.597121728,0.291301018,0.076804244,0.369361864,0.562194422,0.558093233,0.442450384,0.403271869,0.430336577,0.155892507,0.380067589,0.323592932,0.284236461,0.10189613,0.471831969,0.689712562,0.207733836,0.31017815,0.16059603,0.314871685,0.376459744,0.578089224,0.310124981
Florida State,0.602844496,0.434655498,0.660842099,0.537396687,0.399810851,0.516070917,0.678724725,0.472193845,0.435135694,0.509951933,0.554741231,0.360504717,0.665231111,0.40516461,0.537047509,0.414845484,0.427712809,0.473005294,0.585338149,0.462883339,0.501909479,0.66886721,0.635159558,0.524471525,0.600982929,0.459802327,0.487284993,0.595350796,0.455358319,0.570880348,0.704641068,0.689205173,0.559850483,0.669238952,0.281871004,0.740731642,0.585106949,0.280865775,0.46425373,0.340732585,0.462619289,0.257783007,0.727330488,0.329169461,0.246064182,0.723356608,0.420337716,0.127984852,0.50818205,0.693760502,0.690212646,0.583331175,0.54384605,0.57131258,0.245746757,0.519596249,0.457695831,0.411962877,0.166776788,0.611802425,0.796807994,0.316272934,0.442357413,0.252350841,0.447752815,0.51576585,0.707365038,0.442296114
Eastern Washington,0.688955156,0.528724882,0.739805303,0.628963861,0.492914081,0.608786345,0.755067602,0.566250214,0.529211721,0.602937706,0.645142255,0.451337899,0.743568977,0.498479112,0.628636037,0.50848366,0.521666107,0.567049645,0.67318679,0.557042436,0.595209951,0.74667822,0.717546505,0.616772656,0.687287842,0.553981103,0.581038191,0.682229782,0.549552859,0.660012869,0.776850319,0.763923861,0.649868899,0.746995651,0.364174278,0.80653996,0.672977206,0.36302391,0.558401781,0.429933232,0.556780352,0.336347068,0.795601709,0.417258892,0.322609102,0.792338733,0.514126371,0.176391815,0.60124105,0.767753078,0.764771793,0.671366286,0.635003689,0.660408727,0.322235137,0.612143874,0.551883941,0.505512495,0.226052366,0.696947216,0.851241297,0.402984364,0.536511809,0.329995421,0.541939549,0.608495385,0.77911709,0.536450014
Drexel,0.567417764,0.399178423,0.62739119,0.500964655,0.365339933,0.479585811,0.646093009,0.436015865,0.399647132,0.473476171,0.518451154,0.327573094,0.63197201,0.370517056,0.500613532,0.379898795,0.392409076,0.436816596,0.549516746,0.426841814,0.465462578,0.635771564,0.600706118,0.487991405,0.565509824,0.423811409,0.450938624,0.559743783,0.419445159,0.534802595,0.673374904,0.657100155,0.523619228,0.63616025,0.253277543,0.711722956,0.549280953,0.252338456,0.428190567,0.308735144,0.426581995,0.230847585,0.697434852,0.29776744,0.219990312,0.693209053,0.385232954,0.112555167,0.471711025,0.661895202,0.658160081,0.547470435,0.507456411,0.535241582,0.219696721,0.483110721,0.42174107,0.377102526,0.147461249,0.576613561,0.7721435,0.285577464,0.406703937,0.225810333,0.411985753,0.47928095,0.676254745,0.406643976
Drake,0.829201243,0.710900997,0.861725346,0.787933221,0.680569932,0.773284539,0.871082365,0.741025609,0.711302401,0.768961846,0.79939087,0.643243828,0.864049547,0.685389995,0.787698442,0.693955152,0.705048679,0.741649885,0.818671387,0.733783715,0.763196248,0.865961291,0.847749968,0.779131076,0.828098124,0.731354778,0.752459786,0.824736846,0.727822349,0.809704209,0.884130766,0.87643027,0.802691312,0.866156044,0.556617589,0.901359322,0.818529951,0.555390318,0.73485884,0.623073485,0.733576188,0.526256333,0.895084793,0.610806042,0.510731018,0.893196752,0.698730165,0.319461118,0.767701289,0.878724311,0.876939201,0.817441528,0.792240089,0.809975957,0.510303263,0.775750324,0.729684667,0.691424766,0.390312282,0.834455651,0.926157364,0.596690006,0.717287337,0.519123671,0.721696227,0.773070318,0.885468439,0.717236941
Creighton,0.701589941,0.543556225,0.751120696,0.642771984,0.507823326,0.622895156,0.765929266,0.580836842,0.544040955,0.617124789,0.658675033,0.466145614,0.754774948,0.513386267,0.642449424,0.523377775,0.536524864,0.581629252,0.686170327,0.571704503,0.609494317,0.757792577,0.729475927,0.630768133,0.699960858,0.568666038,0.595482777,0.695016821,0.564268915,0.673265755,0.787018486,0.774510074,0.663315493,0.758100593,0.378092961,0.815676264,0.685965185,0.37692469,0.573053339,0.444607764,0.571444421,0.349787292,0.805129772,0.43182852,0.335778115,0.801981042,0.529007879,0.18522424,0.61545009,0.778217432,0.775331165,0.684388239,0.648712579,0.673653813,0.335396442,0.626205946,0.566583903,0.520411727,0.236656916,0.709394295,0.858636553,0.417412582,0.551306057,0.343313135,0.556703697,0.622608185,0.789209994,0.551244585
Connecticut,0.735301723,0.584549362,0.780983695,0.680098731,0.549365072,0.661204114,0.794501521,0.62081748,0.585023794,0.655695923,0.695128233,0.507795555,0.784325376,0.554870046,0.679793085,0.564731946,0.577658825,0.62158355,0.720931185,0.611974293,0.648396188,0.78708195,0.761110069,0.668702681,0.733786848,0.609026141,0.634944444,0.729184543,0.604754491,0.708849475,0.813642796,0.802305252,0.699499197,0.78736317,0.418036074,0.839448949,0.720739518,0.416827104,0.613282093,0.48608551,0.611722056,0.388608637,0.82997914,0.473129685,0.373938822,0.827145726,0.570274639,0.211728807,0.654095371,0.805670281,0.803050868,0.719265729,0.685722096,0.709213524,0.373538166,0.664359799,0.607004191,0.561807784,0.268099519,0.742547942,0.877699303,0.458447481,0.592125457,0.381837903,0.597390654,0.660930426,0.815624529,0.592065439
Colorado,0.736222259,0.585698769,0.781792508,0.681127991,0.550536975,0.662263976,0.7952735,0.621931444,0.586172818,0.656764072,0.696130743,0.508978939,0.785125244,0.556039203,0.680822867,0.565895465,0.57881356,0.622696631,0.721882794,0.613098046,0.649474877,0.78787436,0.761969906,0.669750802,0.73471075,0.610152992,0.636041236,0.730118543,0.605885687,0.7098257,0.81435967,0.803055182,0.700493526,0.788154815,0.419188427,0.840086063,0.721691527,0.417978519,0.614404445,0.487268387,0.612846078,0.389734196,0.830646252,0.474310132,0.375047956,0.827821649,0.571434585,0.212520135,0.655165874,0.806410527,0.803798661,0.720220813,0.686741596,0.710189027,0.374646823,0.665414785,0.60813312,0.562973071,0.269029625,0.74345207,0.878206651,0.459623253,0.593268489,0.382956135,0.598528934,0.661990707,0.816335501,0.593208524
Colgate,0.924934684,0.861898858,0.940536192,0.90412304,0.843931964,0.896445453,0.944901097,0.878968012,0.862131267,0.894149581,0.910020009,0.820664927,0.941625431,0.846841712,0.904001222,0.851960787,0.858494799,0.879313924,0.919735557,0.874932469,0.891065493,0.942518869,0.933915347,0.899528579,0.924393491,0.87356947,0.885254865,0.922739448,0.871578671,0.915248873,0.950899088,0.947371782,0.911701411,0.942609759,0.761120682,0.95866404,0.919665216,0.760215619,0.87553425,0.807524084,0.874816202,0.738175982,0.955856142,0.799326337,0.725979388,0.955006761,0.854786411,0.543672985,0.893477436,0.948426311,0.947606002,0.919123447,0.906350667,0.915385651,0.725638726,0.897748849,0.872629503,0.850455272,0.619019335,0.92750147,0.969542602,0.789693661,0.865580291,0.732612824,0.868101816,0.896332004,0.951508219,0.865551375
Cleveland State,0.430258749,0.276676332,0.492231181,0.366268127,0.248920075,0.34664462,0.51244503,0.308004211,0.277067533,0.341118465,0.382658176,0.219034603,0.497141827,0.253105376,0.365942182,0.26074563,0.271047221,0.308698529,0.412558033,0.30009045,0.333924309,0.501234787,0.464134009,0.354306507,0.428355315,0.297492852,0.321039689,0.422627456,0.293764483,0.398268946,0.542738031,0.524550022,0.387562055,0.501654506,0.16337516,0.587017116,0.412327217,0.16269678,0.301249196,0.204539806,0.299867419,0.147335935,0.570279983,0.196222893,0.139693047,0.56538495,0.265122057,0.068050928,0.339528564,0.529872484,0.525723944,0.410556923,0.372316661,0.398691911,0.139487454,0.349849286,0.295722879,0.258460844,0.090563644,0.439490042,0.661130337,0.187082463,0.28298011,0.14378032,0.287433577,0.346368022,0.545993105,0.282929691
Clemson,0.541625516,0.374414492,0.602670835,0.474877068,0.341482124,0.453599586,0.621865594,0.410528132,0.374872267,0.447536306,0.49235137,0.304996359,0.607365372,0.346505748,0.474526842,0.355622981,0.367808013,0.411316192,0.523553379,0.401508575,0.439595196,0.611262702,0.575413482,0.461954017,0.539696101,0.398532967,0.425236287,0.533869859,0.394248949,0.508749308,0.650003404,0.633198468,0.497528077,0.611661567,0.234039136,0.689831508,0.523315784,0.233149108,0.402833539,0.286902785,0.401253381,0.212827319,0.674953914,0.276400551,0.202594339,0.670562444,0.360814615,0.102537944,0.445785989,0.638143692,0.634291157,0.521491827,0.481356848,0.509190318,0.202317943,0.45710126,0.396501137,0.352903706,0.134809354,0.550935676,0.753249595,0.264755507,0.381769795,0.208076907,0.386938982,0.453296856,0.652983116,0.381711144
UC-Santa Barbara,0.828357581,0.709677582,0.86101541,0.786938092,0.679276069,0.77224054,0.870413245,0.739883031,0.710079992,0.767903917,0.798435753,0.641878332,0.863349651,0.684106593,0.78670251,0.692691025,0.703810816,0.740509096,0.817787142,0.732620714,0.762120085,0.865269702,0.84698102,0.778106275,0.827250148,0.730185068,0.751350727,0.823875815,0.726643008,0.808786449,0.883520315,0.875784949,0.801748011,0.865465304,0.555149829,0.900829458,0.81764517,0.553921752,0.733698832,0.621676194,0.732412612,0.524773878,0.894525168,0.609391784,0.509245285,0.892628265,0.697477163,0.318169964,0.766639339,0.878089304,0.876296163,0.816552629,0.791259816,0.809059198,0.50881748,0.774714372,0.728510384,0.690154853,0.388898411,0.833632736,0.925749733,0.595258442,0.716080154,0.517639354,0.720500534,0.772025624,0.884864117,0.716029629
Brigham Young,0.696130076,0.537112593,0.746239289,0.636793075,0.501338032,0.616781912,0.761245985,0.574507525,0.537598345,0.610976422,0.652818527,0.459695446,0.749941354,0.506903098,0.63646817,0.51690246,0.530067788,0.575303151,0.680556792,0.565340482,0.603302184,0.752998998,0.7243258,0.624705621,0.694484166,0.562291434,0.589218208,0.689489918,0.55787985,0.667533235,0.782637412,0.769946911,0.657497207,0.753311125,0.372012162,0.811743678,0.68034969,0.370851476,0.56669417,0.438210988,0.565079475,0.343909986,0.801027063,0.425474753,0.330016726,0.797828687,0.522539274,0.181340843,0.609291857,0.773707373,0.770779701,0.678757751,0.642777841,0.667924743,0.329638352,0.620113639,0.560202326,0.513933539,0.232002234,0.704016982,0.855458114,0.411117447,0.544880226,0.337488148,0.550292111,0.616493152,0.784861677,0.544818601
Baylor,0.897098818,0.815354315,0.917972634,0.869657305,0.792787803,0.859648227,0.923859722,0.837088954,0.815648299,0.856666978,0.877386627,0.764028005,0.919439784,0.796421069,0.869498018,0.80283301,0.811054484,0.837532433,0.890200609,0.831924059,0.852670733,0.920644163,0.909082359,0.863660292,0.896379422,0.830183322,0.845167968,0.894182671,0.827644146,0.884270697,0.93198337,0.927201229,0.879597147,0.920766733,0.69271986,0.942559004,0.890107476,0.691660628,0.832693209,0.748011374,0.831775497,0.666087497,0.938727034,0.738100984,0.65211539,0.937569594,0.806383233,0.457396215,0.855795207,0.928629475,0.927518349,0.889390348,0.872572855,0.884451158,0.651726953,0.861343136,0.82898394,0.800944612,0.534798717,0.900515049,0.957488044,0.72653485,0.820017413,0.659698749,0.823219075,0.859500784,0.932810582,0.819980734
Arkansas,0.794187301,0.661534485,0.832028249,0.74704013,0.628729017,0.730532759,0.843028797,0.694593251,0.661971841,0.725684097,0.7600343,0.589003451,0.834755895,0.633910548,0.746774629,0.643147512,0.65516757,0.695283429,0.782066153,0.686602069,0.71923283,0.83700186,0.815693352,0.73710697,0.792914518,0.683928077,0.707267645,0.789040538,0.680044854,0.771793354,0.858455251,0.849339172,0.763790913,0.837230782,0.499455437,0.878978921,0.781903771,0.498212581,0.687786665,0.567826834,0.686373482,0.468914633,0.871483756,0.555045378,0.453461741,0.869233043,0.648313504,0.271727917,0.724272082,0.852051252,0.849940575,0.780654539,0.751916011,0.772104002,0.453037538,0.733303155,0.682091287,0.640414718,0.337238719,0.8002594,0.908834278,0.54042859,0.668502835,0.461801563,0.673326029,0.730292232,0.860042417,0.668447763
Appalachian State,0.79643033,0.664612692,0.8339451,0.749635004,0.631939581,0.733236499,0.844843523,0.697508279,0.665048085,0.7284184,0.762538249,0.592334801,0.83664773,0.637102167,0.749371313,0.646303534,0.65827377,0.698194732,0.784405421,0.689559281,0.722006805,0.838872946,0.817755783,0.739768243,0.79516784,0.686899015,0.710112188,0.791324919,0.683035377,0.774211054,0.860121225,0.85109383,0.766267718,0.839099744,0.50290004,0.880436976,0.784244302,0.501657203,0.690737735,0.571204872,0.689331876,0.472347371,0.873019067,0.558445632,0.456878673,0.870791256,0.651448598,0.274463138,0.727015165,0.853779762,0.851689453,0.783004755,0.754477307,0.774519373,0.456453943,0.735989143,0.68507154,0.643581515,0.340325218,0.802452713,0.90996948,0.543848746,0.671549133,0.465227843,0.676349463,0.732997503,0.86169272,0.671494318
Alabama,0.715819797,0.560602345,0.763783871,0.658441148,0.52503785,0.638946446,0.778061603,0.597521607,0.561083591,0.63327709,0.674000425,0.483334756,0.767309792,0.530586074,0.658125211,0.540540486,0.553617929,0.598304288,0.700821926,0.588495243,0.625773319,0.770220132,0.742863388,0.646674398,0.714236757,0.58548953,0.611974019,0.709430306,0.581137586,0.688246099,0.798345519,0.78632173,0.678534217,0.770517129,0.394434138,0.825816503,0.700622183,0.393247302,0.589829138,0.461689547,0.588238013,0.365624328,0.815719127,0.448816088,0.351323585,0.812701697,0.54614366,0.195854788,0.631630869,0.789887571,0.787111633,0.699086552,0.664257276,0.688624593,0.350933578,0.642197261,0.583429116,0.537586878,0.249336008,0.723398719,0.866799351,0.434266497,0.568292623,0.359018896,0.57364395,0.638664604,0.800450027,0.568231656
Abilene Christian,0.853506858,0.746902914,0.882060902,0.816814124,0.718855238,0.803663307,0.890217131,0.774466218,0.747272102,0.799769855,0.827053877,0.683925139,0.884089267,0.723332443,0.816603877,0.731269641,0.741514401,0.775034356,0.8441939,0.767866512,0.794567681,0.885756471,0.869830363,0.808920019,0.852532801,0.765649229,0.784852606,0.849562508,0.762421253,0.836236401,0.901547701,0.894867069,0.829995992,0.885926251,0.601050449,0.916431321,0.84406858,0.599857753,0.768847353,0.664856471,0.767677142,0.571388908,0.911020879,0.653191982,0.556095044,0.909390591,0.735684208,0.360348632,0.79863337,0.896859115,0.895309136,0.843103971,0.820667945,0.836477912,0.555672445,0.805881631,0.764123557,0.728927259,0.434478546,0.858141455,0.937702179,0.63970646,0.752770535,0.564373269,0.756813675,0.803470495,0.902706428,0.752724284