team_1,Akron,Alabama,Arizona,Arkansas,Auburn,Baylor,Boise St,Bryant,CS Fullerton,Chattanooga,Colgate,Colorado St,Connecticut,Creighton,Davidson,Delaware,Duke,Georgia St,Gonzaga,Houston,Illinois,Indiana,Iowa,Iowa St,Jacksonville St,Kansas,Kentucky,LSU,Longwood,Loyola-Chicago,Marquette,Memphis,Miami FL,Michigan,Michigan St,Montana St,Murray St,New Mexico St,Norfolk St,North Carolina,Notre Dame,Ohio St,Providence,Purdue,Richmond,Rutgers,S Dakota St,San Diego St,San Francisco,Seton Hall,St Mary's CA,St Peter's,TAM C. Christi,TCU,TX Southern,Tennessee,Texas,Texas Tech,UAB,UCLA,USC,Vermont,Villanova,Virginia Tech,Wisconsin,Wright St,Wyoming,Yale
Akron,0.5000000451334546,0.17285714753528605,0.14123801201869682,0.16591844151188165,0.1514702509062014,0.14350159685122713,0.19930476673414735,0.6674057420056048,0.5925792563121045,0.30181108590283934,0.42257036134867004,0.19732630298107903,0.17023869726115734,0.2893145177278273,0.24342558393528532,0.5450700895729234,0.14597644944329144,0.4827133077101608,0.13969710110482197,0.14721647142900537,0.16454912163974597,0.2088553937428224,0.16102549956226525,0.23236602413307428,0.49819601423809795,0.1488388698945112,0.14404874992376182,0.16731230355588197,0.5290548988640003,0.18466555460918516,0.23012942924841945,0.1800620615714254,0.25597701493434744,0.18280157636043465,0.2051569737578486,0.5008583007439682,0.21257112002608122,0.3248186838216058,0.6368301180561006,0.1876232973089577,0.22835098377250473,0.1783075863819835,0.2106367378498517,0.1536648128674775,0.3294652579695067,0.2802732052292951,0.2861614284476084,0.1854405473604716,0.1765517951821736,0.19722849631067368,0.17265681256102366,0.5047590991152373,0.8321089012075262,0.23258980017431652,0.7457381091646804,0.15775686120601168,0.16535991355074522,0.1579273209087757,0.2227781670749557,0.1536212745767807,0.2000428305136747,0.27340096969713606,0.15556900524617473,0.18842834682558868,0.19078663173954827,0.5809556238143383,0.2989136883317418,0.5200394460466043
Alabama,0.8271428775461778,0.4999999987221446,0.4404013368829306,0.48767176320559696,0.46068035262004464,0.4449751631892429,0.5436056026460008,0.9056794853051116,0.874368633097206,0.6741078151068098,0.7778673471086969,0.5405165509449381,0.49539397418245346,0.660785429762636,0.6062371168033259,0.8514833560928103,0.44991810928547377,0.817027599965891,0.43725842518768776,0.45237240328274914,0.4851917015356452,0.5581539359381158,0.478736411698911,0.5915828559184297,0.8261086925612695,0.4555612560424291,0.4460731352204202,0.4901801087904016,0.8431510085985828,0.5201041250245728,0.5885395849633421,0.5123936656842658,0.6221132543148722,0.5170012539796858,0.5525904317054693,0.8276331719975605,0.5636565509876997,0.6971573454986355,0.8935135834743133,0.5249751867211725,0.5860999788382761,0.5094128463145947,0.5608026732876764,0.46490035271064817,0.701595543740046,0.6507653455338421,0.6573283880807451,0.5213866447965018,0.5064060327877681,0.5403631544698753,0.49964954712966747,0.8298477838553547,0.9595407569760156,0.5918858336028878,0.9334865002421509,0.47265185958838496,0.4866620873498663,0.47297149829631957,0.5783399917584983,0.46481706242728105,0.5447512268492026,0.6429237022440146,0.4685262369203847,0.5262899885517063,0.5301147461045491,0.8690072448823668,0.671071602725496,0.8383107591448109
Arizona,0.8587620098640494,0.5595986618285786,0.4999999999707938,0.5474097629102813,0.520470901622142,0.5046346215130849,0.6021424598817074,0.9242483211772039,0.8984101906116486,0.724392749258084,0.8165003646770894,0.5991574591676538,0.5550530884203665,0.7122485248320902,0.6617395068301127,0.8792998223496721,0.5096317685134226,0.8501618418535521,0.49680936513373847,0.5121085488245646,0.5449490446025986,0.6161424480538102,0.5385303901798536,0.647951318132721,0.8578844957612254,0.5153222423365335,0.5057456638517579,0.5498955779031064,0.8722940230917946,0.5793226173437874,0.6450760745987655,0.5717802480273263,0.6765717123620673,0.576290710206725,0.6107999648668865,0.8591778883273902,0.6214127296043722,0.745229895293615,0.9142507484220536,0.5840732816140236,0.642768213761861,0.5688569962158798,0.6186810507287922,0.5247057427869555,0.7492170118012625,0.7030654990930104,0.7090850555604249,0.5805745018688746,0.5659040495867388,0.5990091161813783,0.5592531605878441,0.861055247474645,0.9678819852144013,0.6482373441254403,0.9469019317884249,0.5324621646421993,0.5464083143542787,0.5327813866189692,0.6354097644155391,0.5246222427092129,0.6032483893313221,0.695849338433633,0.5283375214423341,0.5853537064449025,0.5890739301299321,0.8939503502099474,0.7216315642956946,0.8682125376578929
Arkansas,0.8340815838712311,0.5123282362379075,0.4525902377753139,0.5000000007210212,0.47295615298627663,0.45718723095134794,0.5558138225315746,0.9098093827643013,0.8796873777518124,0.6848489817810773,0.7862729414913735,0.5527394156004911,0.5077239660937719,0.6717518803046826,0.6179474435097213,0.8576131980579849,0.46215287629739965,0.8242860894324578,0.4494302011536445,0.46461753952370227,0.497518126685271,0.5702806267382696,0.4910552700360015,0.603443917859917,0.8330805348680653,0.46781897187340343,0.4582904548427051,0.5025095615550615,0.8495639980537953,0.5324002411441778,0.6004293331331085,0.5247068031864018,0.633636762674835,0.5293049227752438,0.564750745328261,0.8345561338485632,0.5757470116401948,0.7074684892302557,0.8981162494867778,0.5372575378474963,0.598012072388038,0.5217309968393369,0.5729122935571133,0.47718910760122984,0.7118180407136835,0.6618899821957094,0.6683505073186908,0.5336793627572923,0.5187283540087005,0.552586721994546,0.5119779916466868,0.8366993481261366,0.961412776344081,0.6037439903405302,0.9364842333555026,0.4849598136451148,0.49898966033230324,0.4852801163384905,0.5903193098740942,0.4771055787064243,0.5569537779119466,0.6541653837697102,0.48082471316092734,0.5385682247971859,0.5423800472587345,0.8745203962289514,0.6818656136665509,0.8448852411515172
Auburn,0.8485297716409559,0.5393196448412901,0.4795290970742335,0.5270438464597628,0.49999999872339296,0.4841577064732457,0.5823604023841581,0.9183090499878521,0.890684698275582,0.7077388585802558,0.8039055362909396,0.5793306714138083,0.5347387860854215,0.6951696064145674,0.643164650067156,0.870330816653413,0.4891523102175333,0.839423051929256,0.4763446424525452,0.49162934649440704,0.5245685685363469,0.5965901330771111,0.5181166454355365,0.6290437529807404,0.847599966446533,0.4948448716068525,0.48526782982696864,0.5295453865276281,0.8628856078181377,0.5592364684834936,0.6261031960755695,0.5516127053067285,0.6583908769562185,0.5561707033845443,0.5911560939814562,0.8489704803978616,0.6019554383939161,0.7293647066948061,0.907605982031413,0.5640432669084358,0.6237439239834451,0.5486604535855869,0.5991739232975325,0.5042434243184191,0.7335113252469257,0.6856820686990248,0.6918995964709762,0.560502780052802,0.5456796551952156,0.5791801444532262,0.5389713412918019,0.8509603134482285,0.9652351077721266,0.6293363529260392,0.942628553479063,0.5120232209008841,0.5260363516870635,0.5123436171795864,0.6162275743311396,0.504159726479081,0.5834832834160906,0.6782367924483544,0.5078849145326622,0.5653394656307528,0.5691070731539702,0.8859287673860805,0.7048788004198083,0.8585521884846888
Baylor,0.8564984249318157,0.5550248347322291,0.49536537763162813,0.5428127689442899,0.515842291426104,0.49999999917384574,0.5976928254436926,0.922940090074472,0.8967056053583656,0.7206761180748931,0.8137063953643084,0.59469691148487,0.550469975793694,0.7084340418864841,0.6575773654287531,0.8773183691055579,0.5049980386162232,0.8477848550160894,0.4921752056276403,0.507475604565777,0.5403480437793196,0.61174843188209,0.5339199967324941,0.6437108650829128,0.8556092117816761,0.5106906566915103,0.5011111598688145,0.5453028601949736,0.870214535879983,0.5747979870525401,0.6408201869222403,0.5672350952521836,0.6725017525694915,0.5717575756486579,0.6063838617851373,0.8569198580731363,0.6170415453815836,0.7416940605113801,0.9127861516330067,0.5795626649790601,0.6385001607692663,0.5643044588200786,0.6142979029090098,0.5200803173767142,0.7457176311905152,0.6991806979875376,0.7052459915350455,0.5760534828640846,0.5613443754450698,0.5945480348168274,0.5546786007278979,0.8588223735790708,0.9673006470046358,0.6439984433939604,0.9459620545463195,0.527844298988065,0.541809662541926,0.5281638799593359,0.6311042520940274,0.519996748069359,0.5988028825432121,0.6919114989373581,0.5237153576067516,0.5808470106573517,0.5845789727190365,0.8921799136186772,0.7178921987703463,0.8660767936612523
Boise St,0.8006952562736008,0.4563943870652307,0.39785753137987506,0.44418616920396004,0.4176395875307378,0.4023071650189316,0.4999999909102327,0.8896450013444763,0.8538701373200206,0.634589457969872,0.7461938406020597,0.49688895352548074,0.45182706437735276,0.6205608988385704,0.5638139871140121,0.8279854105080031,0.4071238088481233,0.7894263171091306,0.39480402972300105,0.4095184509742511,0.44173657844011566,0.5146974052230546,0.4353705009621254,0.5487560790164969,0.7995411860581794,0.41263283725323163,0.4033763707916617,0.4466658483627418,0.8186155706718653,0.4764158127953295,0.545638786356956,0.468720435936387,0.5802161907656523,0.47331651509850625,0.5090680003688639,0.8012425411480681,0.5202760671583856,0.6590202274119724,0.8756947591709489,0.4812880614872429,0.5431422677819001,0.4657510042465585,0.5173813974424638,0.42177365573711895,0.6637477598340362,0.6100538033755256,0.6169315659525528,0.47769783913584957,0.4627588094567015,0.49673455327406896,0.45604662219443837,0.8037158106389379,0.9521792193740751,0.5490666101373624,0.9217708911669598,0.429383099685545,0.4431886434046991,0.4296973199952414,0.5352155746141429,0.42169200298021065,0.5011546277663985,0.6018573016218492,0.425330540482657,0.4826046092050858,0.4864378969460687,0.8477862506110403,0.6313863938628796,0.8131859331852747
Bryant,0.3325943223221294,0.09432052359194568,0.07575168646448402,0.09019062643806691,0.08169095782571448,0.0770599174614634,0.11035500581299221,0.5000000273157389,0.4202282324229504,0.17723950410322747,0.2672332851412928,0.10913917462285384,0.09275833665852942,0.168654905450652,0.13818296284056206,0.37385739262593143,0.07849391861546941,0.3174210444385775,0.07486295014476103,0.07921386899618388,0.08937931379020485,0.11626209932430441,0.08729716669402944,0.13107650023105705,0.330994453517418,0.08015728695312457,0.07737662330142968,0.09101772982725641,0.3589040428914076,0.10142170019084082,0.12965018453871074,0.09864231546432793,0.14635764965783304,0.10029461009346853,0.11396712855424741,0.33335680684843233,0.11857740863427546,0.193381031668438,0.4663403490400679,0.10321493141159924,0.1285186186680106,0.09758675174138853,0.1173708697497613,0.08297338889709437,0.19669512595353547,0.1625220043073817,0.16650872583731754,0.10189099839657606,0.0965324372238891,0.10907913867924723,0.09420084351707174,0.3368334017849401,0.7118063035091441,0.13121940553274597,0.5937609260122694,0.08537283922925361,0.08985955566887142,0.08547302363780479,0.12498754185524803,0.08294791678043291,0.1108092573888571,0.15790356073148787,0.08408861906636009,0.10370403734188977,0.1051393221077947,0.4085948572936644,0.175237842454591,0.3506293426535409
CS Fullerton,0.40742077509209335,0.12563136079864837,0.10158980477246396,0.12031261721313286,0.10931529631440681,0.10329438966193331,0.14612985184735747,0.5797717819041942,0.49999998738561613,0.2291129592265733,0.33472996602063143,0.1445839293063191,0.12362137192306734,0.21868367059272287,0.18114223143710192,0.45168442329578085,0.10516096022579406,0.3908328787986052,0.10043086939998615,0.10609734115008615,0.11926586150936166,0.15362123533866043,0.11657661860173739,0.17226807972544234,0.405679756074495,0.1073236161832012,0.10370680035117869,0.12137910450906887,0.4357847042818418,0.1347391568759451,0.1704814774520933,0.13118002370927437,0.19129421563063637,0.13329673705270978,0.1507145763233842,0.40824987007485736,0.15654874221091994,0.24855153891663948,0.5466127418473083,0.1370316378272073,0.16906276621661123,0.1298264268735221,0.1550237937235527,0.11097898119682821,0.2525151354932269,0.2111936966097112,0.21606632115895996,0.1353394017395294,0.12847338724322638,0.14450755843461122,0.12547745576971114,0.412024785244125,0.7731193829514991,0.17244698124614086,0.6684917625077001,0.11408754926197964,0.11988554496723064,0.11421722220757265,0.1646281639004529,0.11094595176505083,0.14670707874325858,0.2055315744470714,0.1124244817886973,0.13765639342556982,0.13948845503613116,0.48801711749312454,0.22668687176254862,0.42691783855795234
Chattanooga,0.6981889724679142,0.32589220496363475,0.27560726997880736,0.31515103966279717,0.2922611603179919,0.27932390067967383,0.3654105559692038,0.8227605258980483,0.7708870489003191,0.5000000241177283,0.6286565966695377,0.3625297607748426,0.3218576218224518,0.48499774337298174,0.4267065738878124,0.7348673153200753,0.2833661969742387,0.6834157950258395,0.2730665319835778,0.28538330420333563,0.31301230438017685,0.37915176254950095,0.3074795806345338,0.4118529406608221,0.696666204949227,0.288014113012216,0.28021949484604813,0.31732163003179614,0.7221274739388025,0.3438094859467846,0.40880878310638696,0.3368779103424625,0.44317266634355024,0.3410109979601454,0.37386278455293753,0.6989118909759314,0.3844250409939041,0.5267181243056682,0.8022347810349117,0.3482275387070506,0.4063783788544518,0.3342182870220317,0.3816848383797043,0.2957845022103205,0.5319772770756767,0.4739191194968593,0.48115587348334965,0.344969780222085,0.33154670793593005,0.3623870383061557,0.32558432220613787,0.7021852284780384,0.9197781302469563,0.4121567611725986,0.8715460479976253,0.3023093019994703,0.3142794402362418,0.30257984101176755,0.39870574403821213,0.29571476634359667,0.36648219712695085,0.46536884345592755,0.2988279945228555,0.3494252971624089,0.352922314238408,0.762310016732315,0.49655315282759704,0.7148157348256106
Colgate,0.5774297107191895,0.2221326718479306,0.18349965250869898,0.21372707828864737,0.1960944810045655,0.18629362154021598,0.2538061742576668,0.7327667587386774,0.6652700483121183,0.371343452655944,0.5000000287051596,0.2514565925454909,0.2189653913207836,0.3574418019893884,0.3053904285772827,0.6208133173392846,0.18934332564181533,0.5604667138466944,0.1815951656466043,0.19086940251528045,0.21206351207122365,0.26510378278147,0.20777546811046915,0.2926044138782639,0.5756679587183449,0.19286407836866776,0.1869683181575071,0.21541884473139788,0.6055348736112968,0.23634540472608356,0.29000705543471206,0.23081831247682144,0.31978641384383655,0.23410956208087447,0.2607375818615887,0.5782671615146134,0.2694793574266416,0.3966403752170172,0.7055488620333429,0.23988735253652782,0.28793894185224245,0.22870722972379598,0.2672028430890091,0.19878411402174687,0.4017030992909841,0.347311914834418,0.35391598009375813,0.2372741670221087,0.22659201087958417,0.2513403569896686,0.22189054838961217,0.5820677993380765,0.8713421892092599,0.29286406916555213,0.8003111875888008,0.20378836446753418,0.21304872112594458,0.20399651534491933,0.28144229991076536,0.19873079375271602,0.25468187020615,0.3395714478116328,0.2011145566078462,0.24085016967193545,0.24366755774855667,0.6545111598800296,0.3681304981140955,0.5968678933669692
Colorado St,0.8026737288867012,0.45948345291820053,0.4008425457676236,0.44726059022155495,0.4206693323781903,0.40530309269981485,0.5031110425514321,0.890860838009865,0.8554160670090952,0.6374702662957503,0.7485434329566613,0.5000000051665283,0.4549110863885311,0.6234866852912881,0.5668719347859973,0.8297505791591654,0.4101309925406097,0.7914875237105325,0.3977812688280182,0.4125310150671204,0.44480761327958646,0.517805200336445,0.4384320357774535,0.5518356803577569,0.8015282752548772,0.41565218468235504,0.4063748471366834,0.4497435447339288,0.8204560403977011,0.4795208540833763,0.548722166804216,0.47182051873228686,0.5832441458651905,0.4764197367998214,0.5121776778309854,0.8032169161345664,0.52338121926009,0.6618110742639431,0.8770430503997287,0.48439547953391865,0.5462285006678719,0.4688487791879473,0.5204880175722302,0.4248115140345134,0.6665194928812398,0.6130100840602883,0.6198681949184253,0.4808035631378096,0.4658540365923907,0.49984559864067934,0.4591353222904152,0.8056715758606179,0.9527426826833186,0.5521458217984848,0.922663549174028,0.4324347769478761,0.4462617035608462,0.4327495368237862,0.5383098377392135,0.42472970515711306,0.5042656181170261,0.6048354708122773,0.428375038052849,0.4857125680192964,0.48954718446929657,0.8493851897241222,0.634277901212475,0.8150690503225457
Connecticut,0.8297613278250989,0.5046060238045113,0.4449469108243456,0.49227603389190194,0.4652612119123326,0.44953002266071096,0.548172925888731,0.9072416722888784,0.8763786222917382,0.6781423985917937,0.7810346278127521,0.545088918006612,0.4999999992646492,0.664902958377153,0.6106266098446842,0.8537982668769982,0.4544821344059488,0.8197658890194551,0.4417971702975071,0.45694064396867473,0.4897949423763525,0.5626927898369066,0.48333590841525276,0.5960268518470319,0.8287395651041022,0.4601346416065914,0.4506301086512721,0.4947851903954301,0.8455722400662791,0.5247010008458302,0.5929939125914893,0.5169958099069186,0.6264348229378359,0.5216005130725575,0.5571410909910024,0.8302457195091754,0.5681826105033028,0.7010331284540211,0.8952539644519357,0.5295676064069534,0.590562343548366,0.5140164406205191,0.5653355072771498,0.4694866454343767,0.7054385256556984,0.6549409885759685,0.6614663812194771,0.5259824320291369,0.5110107583209725,0.5449357628560546,0.5042555996893917,0.8324335607682339,0.9602500177463387,0.5963287823585052,0.9346213787546739,0.4772464199406942,0.4912659661390207,0.47756635196414143,0.5828264697635206,0.4694032542714691,0.5493165903487995,0.6471422663322439,0.4731166730127405,0.5308810557959072,0.5347015174973481,0.871090365173375,0.67512565968338,0.8407925996315809
Creighton,0.7106855061366816,0.33921455464130296,0.28775146193124124,0.32824810611601424,0.30483037884202585,0.291565944114754,0.37943907742020855,0.8313451008300866,0.7813163097709934,0.5150022646205772,0.6425582095754934,0.376513304426205,0.33509702660358925,0.4999999838830335,0.44145130187309933,0.7463968038535578,0.29571270890964335,0.6962579049634074,0.2851428386869406,0.297781183726415,0.32606280652095077,0.3933808030781548,0.3204069920189728,0.42646621588506434,0.7091995281145773,0.3004782264695475,0.2924848596872819,0.3304653744545362,0.734010439740875,0.3574758719573846,0.42339180133013204,0.3504159039681567,0.4580317890022714,0.3546262618118532,0.3880173879948852,0.7113908652561921,0.39872488457951105,0.5416535805237284,0.811585852662835,0.36197266659992333,0.4209364294621891,0.3477054421136318,0.3959483150575933,0.30843921123031487,0.5468895401733849,0.48890399381115834,0.49615376462158256,0.3586570789181867,0.34498191603608125,0.3763683271157801,0.33890041329457915,0.7145839380234519,0.9240971721992512,0.4267729942069771,0.8781177403277707,0.3151182508423882,0.3273575988035156,0.31539507084723717,0.4131802451990918,0.308367798276955,0.3805271898636388,0.4803302066139815,0.31155530749330856,0.3631913578300362,0.36674847960622925,0.7730147452962601,0.5115577839840925,0.726893125723835
Davidson,0.7565744530039078,0.3937628867598131,0.3382604976290128,0.382052561901878,0.3568353533596599,0.3424226383390552,0.436186008872143,0.8618170525576656,0.8188577640507522,0.5732934546134979,0.6946096000298554,0.4331280752079677,0.38937339422019335,0.5585486871716968,0.5000000050094587,0.78830869593926,0.34693848633845414,0.7436096779381941,0.33540961138528785,0.34918762415608157,0.3797115363631912,0.45069846340105524,0.3736410699800071,0.48475233540204576,0.7552429976174848,0.3521167963608097,0.34342413720115134,0.3844252839960408,0.7773587644805836,0.41312481950923113,0.48161057526541806,0.40565969450196465,0.5167450750132483,0.4101147519183901,0.44512700581101067,0.7572061547832643,0.45623557842916973,0.5992342482923712,0.8449620568656032,0.4178663768557392,0.47909810727213986,0.4027868843172515,0.45336048951875946,0.3607403733125205,0.6042929721754273,0.5475763300186847,0.5547517863667447,0.4143713203678691,0.39989641541715476,0.4329764368790241,0.3934283062355571,0.7600633040594976,0.9390398420971666,0.48506558117839405,0.9011438651739002,0.3679493804233015,0.38109889789245555,0.3682476567804825,0.4711421900299969,0.36066316631188217,0.43732217282109853,0.53905883669584,0.36410666117777907,0.4191496250496141,0.4228908517652914,0.8116377550608133,0.5699172369590029,0.7710395480218629
Delaware,0.45492993574026624,0.14851663333985393,0.1207001693117301,0.14238679271425228,0.12966917391663674,0.1226816220949494,0.1720145731400199,0.6261426145866343,0.5483155447778555,0.2651326881907565,0.3791866912221336,0.17024941267779123,0.14620172296297276,0.2536031690934121,0.21169129431275932,0.4999999803870956,0.12484974993702776,0.43783692694345544,0.11935218545939255,0.1259367718835199,0.14117880701839552,0.1805523496728565,0.13807292450299097,0.2016891652512448,0.45314114480501966,0.1273596810337964,0.1231608063521358,0.14361700688780654,0.4839004599664553,0.15898186009639229,0.19967104015870313,0.15489699390526995,0.2230889353496645,0.15732710386723706,0.17724283752268508,0.4557813495520328,0.183881573605905,0.2864915483440469,0.5940807741244672,0.16160977209464128,0.19806741992979854,0.15334186350413986,0.18214787296298676,0.13159685965520942,0.2908260103269325,0.24529267542278368,0.25070198499408575,0.15967017363258487,0.15178649722860257,0.1701621817697987,0.1483394489879649,0.4596543746531804,0.805319081409571,0.20189116837128987,0.7099700455347674,0.1351951193135266,0.14189400296488627,0.1353451180857767,0.19304876640876373,0.13155860200884892,0.17267337029890334,0.23899334080116494,0.13327065075468414,0.16232550645948965,0.16442328713611035,0.5364170106860476,0.26245504201017034,0.47487858036316216
Duke,0.8540235734357856,0.5500818901888065,0.4903682322039126,0.5378471251620192,0.5108476892529166,0.4950019613044383,0.5928761830967821,0.9215060895038807,0.8948390353071488,0.7166338232227057,0.8106566924408002,0.5898690131816916,0.5455178656054132,0.7042872782859873,0.653061518878385,0.8751502418175602,0.5000000007468077,0.8451868903779354,0.4871791733774239,0.5024779370324481,0.5353785438071047,0.6069894181706285,0.528941585127581,0.6391125098887331,0.853121654612465,0.5056938357611416,0.4961130356524465,0.5403413595611352,0.8679397618746115,0.5699044824368129,0.6362056084991533,0.5623208274316054,0.6680833806895691,0.566855447823882,0.6016019151645093,0.8544510395770929,0.6123062943922127,0.7378452873287341,0.9111813812336799,0.5746834207131918,0.6338728054787787,0.5593827625085346,0.6095501939139227,0.5150883367010829,0.7419079477544183,0.6949589967246289,0.7010730183820919,0.5711636473812173,0.5564155259176656,0.589719586581729,0.5497349302427107,0.8563808807311684,0.9666623297679844,0.6394017205915692,0.9449309053688179,0.5228589859718492,0.5368424199657347,0.5231788931175383,0.6264376143006309,0.5150047087525718,0.5939905024396208,0.6876333584317912,0.5187261982214935,0.575971766385664,0.5797157274193513,0.890241572698292,0.7138256138941869,0.8637408524048861
Georgia St,0.5172867528860623,0.18297240855968278,0.149838166047521,0.17571391998570185,0.1605769557585677,0.15221515257651197,0.21057368717668656,0.6825789926986788,0.6091671239830592,0.31658423929125257,0.439533329746741,0.20851248995556632,0.1802341197272943,0.3037420945445318,0.25639033772958497,0.562163069041955,0.15481311814385354,0.5000000155352872,0.1482196216043678,0.1561144830087407,0.1742806501508273,0.22051559787872885,0.17059119013310245,0.24493244114596707,0.5154846535987809,0.1578167948179307,0.15278960258785612,0.17717259284087605,0.5462486905451258,0.19530865730524508,0.24261311902127283,0.1905018360069897,0.26937224464592535,0.1933627273417734,0.21666724610170573,0.5181439317303724,0.22437993520150162,0.3401693254420748,0.6526723365383786,0.19839538797991138,0.24076837054047376,0.18866904499096443,0.22236843996997777,0.1628781326912688,0.3449233112279574,0.294436705290738,0.30049825160844396,0.1961175724892665,0.1868344238403726,0.20841057835931956,0.18276294070022248,0.5220385545486805,0.8415521113300171,0.2451644540000802,0.7586301701305462,0.1671670681764123,0.1751293412092987,0.16734567554033658,0.23498479543220502,0.16283248620484797,0.2113424670937208,0.2873558401782218,0.16487425376701753,0.19923532251818563,0.20169524848885326,0.597695449604711,0.31360872210879664,0.53727450390776
Gonzaga,0.8603029205845444,0.5627415735391911,0.503190634821424,0.550569799544528,0.523655356258107,0.5078247935307785,0.6051959615746468,0.9251370574182949,0.899569126035803,0.7269334871536011,0.8184048514085568,0.6022187361075969,0.5582028289616849,0.7148571481594149,0.6645903930674069,0.8806478062882014,0.51282082735327,0.8517803862330924,0.49999999998436684,0.5152968197684317,0.5481120792876438,0.6191564605514741,0.5417005189828017,0.6508570993995719,0.8594334131136119,0.5185092576884659,0.5089356434582528,0.5530524292702891,0.8737090105447115,0.5824298037207611,0.6479926951850178,0.5749022650444936,0.6793581629760849,0.5794040322735899,0.6138296344929061,0.860714997709996,0.6244105859293902,0.7476454602293526,0.915246022605668,0.5871703836394262,0.6456933828916894,0.5719843719111503,0.6216873691789194,0.5278875844586637,0.7516073736885133,0.7057229758129365,0.7117107495361307,0.5836790865646879,0.5690366175292081,0.602070773611783,0.5623966098244787,0.862575142658656,0.9682763722031749,0.6511420356342471,0.9475399760591664,0.5356380346673487,0.5495695897346897,0.5359569780142851,0.6383612871011222,0.5278041403216489,0.6062989528148168,0.6985437063612915,0.5315167579821722,0.58844799224046,0.592159796844026,0.8951542259298475,0.7241880649171994,0.8696659911279064
Houston,0.852783553103526,0.5476275991363353,0.4878914548631557,0.5353824648941748,0.5083706559473918,0.4925243983265126,0.5904815438309492,0.9207861400584174,0.8939026554753706,0.7146167185047909,0.8091306175148997,0.5874689935465692,0.5430593589929362,0.7022188059036271,0.6508123837783663,0.8740632211183255,0.4975220674333403,0.8438855271377579,0.48470318393155937,0.5000000037190905,0.5329121515572256,0.6046224317749965,0.5264712453892486,0.6368232347575895,0.8518753016203693,0.5032160839499028,0.4936353475471225,0.5378785721006137,0.8667995173405391,0.5674732996577386,0.6339084561086911,0.5598798823656621,0.665881806072526,0.5644202027746009,0.599223905392265,0.853214026313061,0.6099507527628013,0.735923534084328,0.9103759433545384,0.5722589765395023,0.6315694531907962,0.5569383423120332,0.6071886494982898,0.5126122895753237,0.7400054820775223,0.6928537304057072,0.6989916719133401,0.5687341960828468,0.5539677700668135,0.5873193042831665,0.5472803041978525,0.8551574887639342,0.9663414272633377,0.6371132383767585,0.9444128489181175,0.5203856714842539,0.5343770401930275,0.5207057167977016,0.6241152241603005,0.5125286387317353,0.5915979025371902,0.6855004135560447,0.5162512812934407,0.5735492165062468,0.5772988695680581,0.8892693215879122,0.7117965584892936,0.8625700938857574
Illinois,0.835450901998494,0.5148082950432014,0.45505095323947525,0.5024818718894837,0.47543142804900884,0.45965195326758074,0.5582634104763844,0.9106206944040225,0.8807341322886991,0.6869877145183787,0.7879365056799281,0.5551923897038393,0.5102050547431954,0.6739371774259394,0.6202884663342542,0.8588211824286197,0.464621454800408,0.8257193575562426,0.4518879185704388,0.46708785000874864,0.4999999978536984,0.5727117661916439,0.49353656726025313,0.6058171214149775,0.8344564748966607,0.47029135182208603,0.46075607624552195,0.5049913083719123,0.8508283925273186,0.5348708959879288,0.6028087029282639,0.5271820072497279,0.6359382876554455,0.5317775490865766,0.5671894263250848,0.8359223059628256,0.5781701006676567,0.7095188269901304,0.8990210724775309,0.5397247158908721,0.6003962566588513,0.5242076455922604,0.5753396312126425,0.47966637412283997,0.7138502232801897,0.6641081053295879,0.6705473432102482,0.53614914740926,0.52120628238964,0.5550398593910606,0.5144581435781064,0.8380512567300525,0.9617793893182456,0.6061165702626733,0.9370721874572874,0.4874398094362244,0.5014715462605861,0.48776019888746025,0.5927180460033094,0.47958280937381303,0.5594020626933778,0.6564078766737473,0.483303405926252,0.5410343844964587,0.5448430517324968,0.8756057481381835,0.6840152511705299,0.8461818400689156
Indiana,0.7911446363032133,0.44184606312305197,0.38385755222711043,0.42971937428821094,0.4034098660079004,0.3882515676428802,0.48530258602089915,0.8837379120359828,0.8463787582703881,0.6208482604664334,0.7348962398424849,0.48219480514926694,0.4373072097603246,0.6066191818490455,0.5493015418826765,0.8194476389129944,0.3930105828532006,0.7794844130268629,0.3808435397414063,0.3953775720931283,0.4272882320266959,0.5000000003261488,0.4209733612294588,0.5341565788748694,0.7899497712267578,0.3984569859380442,0.3893077495046451,0.4321810892861335,0.8097196131073899,0.4617714120415541,0.5310246232195468,0.4541074235255308,0.5658292285674322,0.45868392322372037,0.4943675928112291,0.7917113246740239,0.505585320087155,0.6456847915602167,0.8691507695926035,0.4666273687453289,0.5285171915369749,0.45115195417799764,0.5026867379770421,0.40750164126636196,0.6504991604655563,0.5959773741269946,0.6029418204227414,0.46304888216298884,0.44817487026146735,0.48204059612214095,0.4415003804522697,0.7942727447607019,0.949429190321418,0.534468633714141,0.9174238231346632,0.41503841626169513,0.42872927688156093,0.41534978019693175,0.520560736820838,0.40742080467969816,0.4864563035213719,0.5876849676402944,0.41102372267958176,0.46793999106617684,0.47176300571162777,0.8400414076093511,0.617597329094245,0.8040874105882373
Iowa,0.8389745254655891,0.5212635882048009,0.46146961096549083,0.5089447318658037,0.4818833544693743,0.46608000362110963,0.5646294912616323,0.9127028423881625,0.8834233766884871,0.692520440913829,0.7922245515674129,0.5615679704742176,0.5166640920302938,0.6795929949723604,0.6263589358154575,0.861927066722961,0.47105841679415916,0.8294088193278587,0.4582994821748493,0.47352875949749923,0.5064634317749993,0.5790266402404232,0.5000000011813929,0.6119742198609538,0.8379972636156799,0.476736917845646,0.4671862172357959,0.5114532643181877,0.854080239177019,0.5412970988015028,0.6089824626588333,0.5336218132252113,0.6419030016948639,0.538209591216527,0.5735251398969028,0.8394377749094434,0.5844628361156774,0.7148186218678256,0.9013441656009705,0.5461407617589219,0.6065830416880985,0.5306518957768495,0.5816440379855063,0.48612251264605866,0.719102278575026,0.6698508945877151,0.6762337123026271,0.5425727932020188,0.5276545543798048,0.5614158993484794,0.5209137599978312,0.8415297588648136,0.9627185549202072,0.6122719848973606,0.9385796932952182,0.4939012629274078,0.5079346783069455,0.4942218043296844,0.5989442997661257,0.48603887376558846,0.565764497785388,0.6622153558341082,0.48976242059815295,0.5474474817573821,0.5512470718274007,0.8783946627283458,0.6895767770504415,0.8495170634898374
Iowa St,0.7676340062783242,0.40841714042088717,0.35204867955048735,0.39655608042776713,0.3709562434849631,0.35628913185662314,0.4512439094941268,0.8689235110700287,0.8277319116481593,0.5881470802754372,0.707395607810051,0.44816432227031283,0.4039731450274115,0.5735337658909413,0.5152476670951825,0.798310820500723,0.3608874884846487,0.7550675684897171,0.3491428983047924,0.3631767663610485,0.3941828741373621,0.4658434189515644,0.3880257788771619,0.49999999749009405,0.7663443609377981,0.3661572649096484,0.3573091497023774,0.398960722557448,0.787738950783609,0.42799093627671336,0.49685470965181217,0.4204496336166863,0.5319600964813928,0.4249509833246395,0.46024160691707927,0.7682457993786996,0.4714069192838683,0.6137931928838034,0.8527872655670233,0.43277729467369613,0.49433855203548777,0.4175456671686649,0.4685186004389859,0.3749257125747808,0.6187850548862116,0.5626422224696258,0.5697664739950172,0.4292494844459914,0.41462281714714105,0.44801158015724274,0.4080784898438763,0.7710123232824736,0.9424401409068901,0.500313528849629,0.9064473758402275,0.3822486907899913,0.39558938934167803,0.38255154290391646,0.48636585525474807,0.3748472498155423,0.45238782493038115,0.5541774360101271,0.37834602803883793,0.4340721894063493,0.43784620849329775,0.8207881994577522,0.5848032726561572,0.781631592678778
Jacksonville St,0.501804046831536,0.1738913158620433,0.14211551199659161,0.16691947439760216,0.15240004112843566,0.14439079568561308,0.20045881833156723,0.6690055847936066,0.5943202471298601,0.3033338289085981,0.4243320849013703,0.19847173817376287,0.1712604435261819,0.29080047173693957,0.24475701787039283,0.5468588515513358,0.14687835374978694,0.4845153778432957,0.14056659458006568,0.14812470830073654,0.16554353272345088,0.21005023956734586,0.16200274568013126,0.23365564867924207,0.5000000159369743,0.14975535829040798,0.1449407654187573,0.1683200489314452,0.5308524320310446,0.18575450466697999,0.2314103827839158,0.18112989604407134,0.2573537477584241,0.18388201370982138,0.2063361794597991,0.5026622859537583,0.21378147911027987,0.3264032401952588,0.6384973720115258,0.18872565163634025,0.2296249906602822,0.1793672922686889,0.2118390458561087,0.15460561976105014,0.33106136718953266,0.2817311307126534,0.28763774231664374,0.18653302191760918,0.1776033216008275,0.19837350407068213,0.17369003400901087,0.5065628754336623,0.8331145937530566,0.23388028827736743,0.7471039343392396,0.15871802310050015,0.16635824878012434,0.15888932543566642,0.2240301090469194,0.1545618635896105,0.20120008188922242,0.27483679800564786,0.15651931441634642,0.1895343275698947,0.19190318139219306,0.5827113075248028,0.3004281031870782,0.5218402895350353
Kansas,0.8511611527147231,0.5444387421771675,0.4846777571180492,0.5321810283300478,0.5051551266000072,0.4893093419662256,0.5873671534335835,0.9198427209506653,0.8926763787846821,0.7119859063464589,0.8071359391834279,0.5843478198351243,0.5398653571492934,0.6995217595454403,0.6478832077389107,0.8726403100174408,0.49430616446891246,0.8421832131665774,0.4814907417799066,0.49678391925233134,0.5297086455242901,0.6015430138792409,0.5232630828175842,0.6338427322805965,0.850244649563353,0.4999999994832762,0.49042004745867035,0.5346793863007124,0.8653071833754343,0.5643130388653773,0.6309178965216068,0.5567074805240803,0.6630135860125937,0.5612548816528371,0.5961305267214385,0.8515955443848391,0.606885852309368,0.7334158667858123,0.9093207510497316,0.5691071315668107,0.6285709820411103,0.5537616368505459,0.6041161319115246,0.5093977298786851,0.7375227518652343,0.6901092948464519,0.6962780388328779,0.5655760953060779,0.5507869449257015,0.5841977996286144,0.5440910372143302,0.8535567577224498,0.9659204806820769,0.6341337485426067,0.9437336237641035,0.5171740908914809,0.5311747423777738,0.5174942922041287,0.6210924832395346,0.509314055436049,0.5884860853276807,0.6827203619970544,0.5130379225606538,0.5703997415979059,0.5741565262603107,0.8879962026299355,0.7091503297142646,0.8610379714584173
Kentucky,0.8559512729882205,0.553926864824,0.49425433744166347,0.5417095471868922,0.5147321702191825,0.4988888406278272,0.5966236217314229,0.9226233848765312,0.896293195450533,0.7197805256790152,0.8130317001008318,0.5936251591251102,0.549369891930448,0.7075151280668471,0.6565758685101393,0.8768391857471072,0.5038869664170345,0.8472104061409191,0.4910643578484949,0.5063646574939493,0.5392439229360477,0.6106922520634853,0.5328137852576097,0.6426908492071961,0.85505924313746,0.5095799533471083,0.5000000013227983,0.5442006016452299,0.86971172621582,0.5737113338166057,0.639796526213476,0.5661437027862211,0.6715221012511049,0.5706689559890575,0.6053225036525028,0.8563740435416082,0.615990726006179,0.7408416240770486,0.9124316746507074,0.5784792588132277,0.6374736285899593,0.5632113667018691,0.6132442738545337,0.5189708519728756,0.7448739055544881,0.6982450428715156,0.7043212236666019,0.5749676656313101,0.5602496441638405,0.5934761578900801,0.5535804636478836,0.8582826163985126,0.9671597701588811,0.6429787941935559,0.945734403184535,0.5267364492841299,0.5407060683498498,0.5270561082467172,0.6300688860458927,0.5188872681903035,0.597734643449391,0.6909632275193,0.5226065819321184,0.5797645143239724,0.5834992034101069,0.8917516158453161,0.7169911855799658,0.8655604302409813
LSU,0.8326877237809576,0.5098198938517082,0.4501044259499166,0.4974904430868274,0.4704546161075161,0.45469714287445,0.5533341465272864,0.9089822805100373,0.8786208917824584,0.6826783942641534,0.7845811773256453,0.5502564642617744,0.5052148127898572,0.6695346147516289,0.6155747244572484,0.8563829853923235,0.4596586450762712,0.8228274185046568,0.446947574591095,0.46212143549561396,0.4950086934025937,0.5678189148828627,0.48854674078151245,0.6010392787960083,0.8316799621880909,0.4653206170871716,0.45579940355757403,0.5000000039209846,0.8482765442062745,0.5299004083514073,0.5980185912556539,0.5222027521141989,0.6313033454102185,0.5268032498415668,0.5622816697149458,0.8331654629797304,0.5732931836483546,0.7053866732756522,0.8971940312045739,0.534760980811598,0.5955965691379256,0.5192256330993013,0.5704543021602366,0.4746853465416328,0.7097544794827021,0.6596398535255311,0.6661216855657368,0.5311803466123554,0.5162218460740454,0.5501036129372505,0.5094695726134821,0.8353231376559797,0.9610386426594533,0.601339968767175,0.9358845165280895,0.4824529052161757,0.4964801383966432,0.4827731041777576,0.5878894368510659,0.4746018580599955,0.5544753646691966,0.6518908845189119,0.47831932875135136,0.536072632925685,0.53988745857449,0.8734146994014415,0.6796840889144709,0.8435651188629396
Longwood,0.47094518049115086,0.15684900897059462,0.1277059922637967,0.15043601994707478,0.13711440790057328,0.12978547932841378,0.1813844444145961,0.6410960139931187,0.5642153172335053,0.27787257310241725,0.3944651867690332,0.1795439829695173,0.15442777756472237,0.2659895746081065,0.22264126286482908,0.5160995548957815,0.13206025428106724,0.45375135905271835,0.12629100467136298,0.13320050030592145,0.14917162389314575,0.19028040834997972,0.14591977860576502,0.2122610706058627,0.46914761820449363,0.13469283246326152,0.1302882900166942,0.15172347556852278,0.5000000344905661,0.16778567996169994,0.2101650106506593,0.16351858998834487,0.2344531181819184,0.16605738252464444,0.18683323711279032,0.47180062333107414,0.19374659794978974,0.2998389928748459,0.6095168254049672,0.17052960862628894,0.20849906651776534,0.16189348251635916,0.19194176147661124,0.13913508168699804,0.30428927347224377,0.2574131664464104,0.2629966200389576,0.1685044728433111,0.16026779551211848,0.17945301974345018,0.15666371285979633,0.475690789202801,0.8152207758072842,0.21247084398975566,0.7230535537620277,0.14290554029335023,0.14992024228371886,0.1430626785812513,0.20328309723045515,0.139094983559659,0.18207123604241532,0.2509060483468758,0.14088919665003036,0.17127677662840232,0.17346628213765367,0.5523937117818397,0.2751144315430795,0.490963535870695
Loyola-Chicago,0.81533446714404,0.47989586470027856,0.42067737384067483,0.4675997505977342,0.44076352137040353,0.4252020033275844,0.5235841691412492,0.8985783064809244,0.8652608330379477,0.6561905276831542,0.7636546094898997,0.5204791420756743,0.4752989894286806,0.642524104953665,0.5868751766071872,0.8410181245932159,0.4300955094576564,0.8046913467944227,0.4175701874950854,0.432526695143842,0.46512909290611987,0.5382285793214487,0.45870289341939013,0.572009052438467,0.814245499521454,0.43568695176164834,0.4262886586594153,0.47009958657385825,0.8322143342678807,0.4999999909860679,0.5689262087667584,0.4922818393117692,0.6030207765825286,0.49689287194634907,0.5326242702994347,0.8158507983773183,0.5437765106434921,0.6799055621319673,0.8856121455214778,0.5048808554952944,0.5664559768307226,0.48930061340607844,0.5408985142000456,0.4449515978691116,0.6844821635855474,0.6322647934167509,0.6389826351155566,0.5012847202857689,0.4862948385366565,0.5203249926295341,0.47954598954486943,0.8181835369454311,0.9562990047736725,0.5723160530520808,0.9283131407795538,0.4526518556262989,0.4665937844563743,0.45296958668559145,0.5586050596931913,0.4448689102425946,0.5247361116262119,0.6242475991872715,0.4485523175469108,0.5061989600580237,0.5100349138680254,0.8595731879090099,0.6530732958459456,0.8271057931617054
Marquette,0.7698706052648219,0.4114604172543353,0.35492392864148387,0.3995706709822265,0.37389680606943887,0.35917981560149587,0.45436120816661113,0.870349829400793,0.8295185174302544,0.5911912436577671,0.7099929711452869,0.4512778418467045,0.40700609014252137,0.5766081864148311,0.5183894332997626,0.8003289495847998,0.3637943954948355,0.7573868950192982,0.35200730805551844,0.36609155065509846,0.39719129843267936,0.46897538065893535,0.39101754186427773,0.5031452914055635,0.7685896310921917,0.36908210631985006,0.3602034782943739,0.40198141594487435,0.7898350146191205,0.43107378589013656,0.5000000035673235,0.4235183818886278,0.5350912803477581,0.42802832123098866,0.4633685775265152,0.770478270373427,0.4745430554562092,0.6167713109010096,0.8543597413680761,0.43586834984467093,0.497483666718298,0.42060860263600774,0.47165266674052125,0.37787883888038337,0.6217484012165422,0.5657357092308241,0.5728478261487958,0.43233454767332286,0.41767968708241887,0.4511249060739307,0.41112099691052967,0.7732260111329001,0.9431188504613451,0.5034588091215138,0.90750883833324,0.38522394973654034,0.3986014853333057,0.3855276879899559,0.48950934967141546,0.3778001316388201,0.4555064664566209,0.5572836844588348,0.38130966045606834,0.4371653651736964,0.4409453235550808,0.8226313877146841,0.58785483206625,0.7837714116840282
Memphis,0.8199379694636048,0.4876063404526226,0.4282197592096933,0.47529320493326166,0.44838730076973604,0.43276491122097427,0.531279562398903,0.901357696888841,0.8688199739219957,0.6631221178372133,0.7691817131769436,0.5281794938127838,0.4830041967685253,0.6495840881119187,0.5943403174835701,0.8451029997095576,0.4376791806068663,0.8094981781519157,0.4250977421922588,0.4401201286122051,0.4728179980069054,0.5458925841538895,0.4663781953358119,0.5795503711676725,0.8188701178124473,0.4432925262889352,0.43385630580212137,0.4777972592029425,0.836481432940995,0.5077181590931954,0.5764816288401684,0.5000000074185166,0.6103878531744694,0.5046114824093769,0.5403018464487553,0.8204442637618602,0.5514251777301619,0.6865873929787005,0.8887028537877167,0.5125971254017673,0.5740222753872533,0.49701779643357996,0.5485553740352764,0.452589191718544,0.6911118622199127,0.6394136841951368,0.6460740338153723,0.5090025313256124,0.4940104723828962,0.5280255750550005,0.48725611026625193,0.8227314571124021,0.9575712884879153,0.5798559356084277,0.9303408382677115,0.4603120092650745,0.4742854321207936,0.46063059220002023,0.5662034462464693,0.4525062418779996,0.5324295142881927,0.6314614999838769,0.4562009183683755,0.5139144652340304,0.5177475836897864,0.8632588251571479,0.6600351726576007,0.8314765027124498
Miami FL,0.744023013044508,0.37788673657823063,0.3234282802540777,0.366363230188521,0.341609114332208,0.327498239296624,0.41978379218822165,0.8536423597919316,0.8087057713614594,0.5568273491645404,0.6802136038177025,0.41675585098445767,0.3735651685046913,0.5419681866468469,0.4832549215933286,0.7769110452248795,0.3319166125161753,0.7306277609660137,0.3206418296853527,0.3341181897558231,0.36406170257160503,0.4341707634920921,0.3580969916618047,0.46803989264661205,0.74264625799841,0.33698640601249336,0.32847789249862913,0.3686966504134185,0.7655469005447222,0.3969792067364071,0.46490871483671,0.3896121458855206,0.4999999915933078,0.39400779920645,0.42864418438286433,0.7446762943974756,0.43966735146330305,0.5830411178556062,0.8359800181107483,0.4016622824168066,0.4624056565345405,0.38677902422338045,0.43681279850091664,0.3454370004322433,0.5881637636188699,0.5309298099673095,0.5381465977038512,0.39821004687479944,0.3839295808582993,0.4166057320714347,0.3775572446326033,0.7476317495117514,0.9350894493993124,0.46835215549776055,0.8950122675999479,0.35250882614449586,0.36542557001830683,0.35280157239537635,0.45448508266445736,0.3453612992372775,0.42090912727115687,0.5223722830686794,0.34873838836108273,0.4029302119220774,0.40662801565046935,0.8011793695830138,0.553422334607705,0.7589963673769359
Michigan,0.8171984515096403,0.48299874625004546,0.4237092912374968,0.4706950794459735,0.44382929684378253,0.4282424250189997,0.5266834773411726,0.8997054003101874,0.8667032578147967,0.6589890250744324,0.7658904595881723,0.523580269859715,0.4783994876985025,0.6453737248140009,0.5898852543882984,0.842672886531633,0.43314455439046806,0.8066372832913447,0.4205959691809957,0.43557980236557564,0.46822245027755316,0.5413160785977583,0.4617904114570135,0.5750490156958827,0.8161179967619184,0.43874511932341603,0.4293310467850471,0.47319675557166974,0.8339426374159339,0.5031071205478613,0.5719716837390314,0.4953885265162329,0.605992194204726,0.5000000015078525,0.5357169176744573,0.8177107362038389,0.5468581457580111,0.6826043956489939,0.8868651897767854,0.507987500520568,0.5695056982079565,0.4924067332337291,0.5439832867080716,0.4480231664366846,0.6871601648465772,0.635149756321694,0.6418447494021191,0.5043917797229228,0.48940016257639163,0.5234262045081939,0.4826487081816366,0.8200251112370178,0.9568154787062038,0.5753554545337464,0.9291358524510588,0.45573293546885174,0.46968832892239765,0.4560510272660107,0.5616672724134486,0.44794036866152265,0.527834683881312,0.627158369071756,0.4516285174894978,0.5093053726973754,0.5131404045699063,0.8610667240278054,0.6558838603769765,0.8288758973900816
Michigan St,0.7948430539212242,0.4474095643621825,0.3892000325393716,0.43524925272744047,0.40884390217557665,0.3936161348497861,0.490931987846763,0.8860328813890185,0.8492854158364467,0.6261372355031357,0.7392624381899221,0.4878223246355958,0.44285890562001107,0.6119825941334559,0.5548729964721313,0.8227571494628311,0.39839808296440354,0.7833327626130748,0.38617036293364687,0.4007760955881494,0.432810568917616,0.5056324048167377,0.4264748586188122,0.539758387907464,0.7936638292120247,0.40386947018220265,0.3946774950328533,0.4377183314885874,0.8131667822074585,0.46737571803801436,0.5366314233376618,0.4596981582406123,0.5713558047381352,0.4642830811409877,0.4999999973015169,0.7954023024879175,0.5112163131715842,0.6508221641205898,0.8716918774834014,0.47223890042493855,0.5341276696335928,0.45673674625470484,0.5083186389306404,0.4129526431840833,0.6556039603833165,0.6013905384524331,0.6083229978960268,0.46865519227144525,0.4537532770611039,0.4876680108617229,0.4470630153693171,0.7979299178359043,0.9505000707797744,0.5400699213003555,0.9191147055965839,0.42051868142557647,0.43425611627584065,0.4208311989288787,0.5261810135971604,0.41287147877465036,0.4920862932685792,0.593133386304658,0.416488720330734,0.47355329310694644,0.47738102071575345,0.8430457376728595,0.6229041086252368,0.8076123709731059
Montana St,0.4991417525124391,0.17236683190851976,0.14082211558977567,0.16544387103595087,0.15102952311356177,0.14308014550553028,0.1987574582361594,0.6666432246538745,0.5917501255851,0.30108813616235086,0.4217328744112532,0.19678309226764787,0.16975428465568143,0.28860912817880807,0.24279385487416355,0.5442186390480357,0.145548964835317,0.4818560918968707,0.13928500617785325,0.1467859796194006,0.16407769731619962,0.20828868089925906,0.16056223010687445,0.2317542046188935,0.4973377381056433,0.14840445946035835,0.1436259611056855,0.1668345437168233,0.5281994191470548,0.18414920108733895,0.22952173789598831,0.17955574539622798,0.25532370538685,0.18228926953852173,0.2045977010432426,0.5000000081231095,0.21199702653528102,0.3240662025936931,0.6360357297323265,0.18710057132592028,0.22774659940597605,0.17780513379373641,0.21006647487968597,0.15321885265115068,0.32870725294277264,0.27958118764368606,0.28546063866998495,0.18492251832671205,0.17605323016853272,0.19668548886896337,0.17216694691089898,0.5039008702298878,0.8316287271767366,0.23197756951382364,0.7450865864950819,0.15730123245481617,0.16488662480054153,0.1574712918876123,0.22218428550871888,0.15317541784702846,0.19949400020363842,0.27271949065362194,0.15511853162484923,0.18790389672851246,0.19025715661058062,0.5801195991908444,0.29819471473204984,0.5191824731575212
Murray St,0.7874289116221358,0.4363434498557956,0.3785872723774884,0.42425299115052173,0.39804456242902264,0.3829584558557783,0.47972392589853147,0.8814226036782163,0.8434512522543678,0.6155749838563678,0.730520666858357,0.4766187880257194,0.4318173908705626,0.6012751020123925,0.5437644286607992,0.8161184159026672,0.3876937083444408,0.775620077099564,0.3755894160589949,0.3900492528084409,0.4218298993215598,0.49441468237393466,0.41553716710632,0.5285930803426988,0.7862185330399609,0.39311414923519217,0.38400927726577117,0.42670682227774426,0.8062534249353148,0.45622348253055245,0.5254569502315799,0.44857483172254103,0.5603326423565655,0.45314185785309297,0.488783686265464,0.7880029803195291,0.5000000021352479,0.640556956073225,0.8665888187555474,0.4610710756940474,0.5229464930324889,0.44562597609171717,0.49710124602674566,0.4021185982626892,0.6454027363353267,0.5905862964390888,0.5975809240749763,0.4574986505609319,0.4426559475074649,0.476464721369225,0.43599870936456514,0.7905979418731598,0.9483456300032702,0.528905575168269,0.9157153749343065,0.4096246442761308,0.42326614061137185,0.4099347929850813,0.5149823010337397,0.40203810493639125,0.48087677194064626,0.58226079807294,0.4056260054304061,0.462381617708183,0.46619901112560475,0.8370163888446209,0.6123070725818957,0.8005438975607126
New Mexico St,0.6751813637377834,0.3028426610912216,0.25477011158074186,0.2925315188841026,0.2706352994672661,0.25830594581458394,0.3409797725801225,0.8066189910408973,0.7514484584435679,0.4732819087982363,0.6033596609544055,0.3381889384913989,0.2989668785424704,0.4583464124891084,0.40076576524304186,0.7135084430444499,0.26215472027520126,0.6598306966588122,0.2523545466121405,0.26407647586593375,0.2904811787268642,0.3543152170482756,0.28518138650022895,0.3862068133469113,0.6735967818069409,0.266584139912014,0.2591583839128526,0.2946133375324233,0.7001610437140163,0.320094437926394,0.3832287010574215,0.3134126212230796,0.4169588828000754,0.3173956135275208,0.34917784168116167,0.6759338124803377,0.3594430542566334,0.5000000090809728,0.784713061332561,0.32435838256039073,0.38085240358407774,0.3108514118173081,0.35677771627209465,0.2739988646371451,0.5052771965932048,0.4473477632937854,0.4545293324366173,0.3212138759166691,0.30828012895302964,0.33805071697209604,0.3025467809112807,0.6793423486046392,0.9115220125838948,0.3865041476077915,0.8590865562756702,0.2802343280489142,0.2916958321962799,0.2804930541346602,0.3733585937425555,0.27393226710978796,0.3420183810270842,0.4388769517538097,0.2769063366605246,0.3255150442557136,0.32889374198449983,0.7423869074580642,0.4698461454440424,0.6925174124293094
Norfolk St,0.3631699863159987,0.1064864418005388,0.08574927279469172,0.10188377555180349,0.09239404024486443,0.08721386965777905,0.12430526634345135,0.5336597455329388,0.45338731274748023,0.19776527722641157,0.2944512180690959,0.12295698102629811,0.1047460606617497,0.1884141788808387,0.15503798122811477,0.4059192722483626,0.08881864091994346,0.3473277389253904,0.08475399839185942,0.08962407995027473,0.10097895132247828,0.13084926134768862,0.09865585889521995,0.14721276716301698,0.3615027051970636,0.09067927110504914,0.08756834740511836,0.10280599521532413,0.39048327187133436,0.1143878782539498,0.14564029409679927,0.111297175927383,0.16402001440315436,0.1131348379942966,0.12830815159156717,0.3639643404668576,0.1334112135341697,0.21528699054425043,0.5000000676878146,0.11638067152383653,0.1443923221925904,0.11012273821069067,0.13207635585162464,0.09382732679288219,0.21887463266112764,0.1817198168150766,0.1860728352654996,0.11490950114415505,0.10894933800943558,0.1228903926221002,0.1063531375529958,0.3675841332923529,0.7386600663256788,0.14737028122620888,0.6258321561455702,0.09650762229942383,0.10151457096353932,0.09661949296556285,0.1404954229735185,0.0937988634338723,0.1248088851046995,0.17667090956832412,0.09507331795652883,0.11692403180008294,0.11851808999612341,0.4415350660840538,0.19558691254944788,0.3819142265481067
North Carolina,0.8123767295647619,0.4750248109515124,0.41592671733215114,0.46274246182009976,0.4359567307979334,0.4204373331871442,0.5187119283819174,0.8967850783112412,0.8629683557068242,0.6517724822304336,0.7601126676303431,0.5156045245733243,0.47043239180867646,0.6380273175364602,0.5821336269917399,0.8383902167038587,0.4253165789852169,0.8016046212313799,0.4128296153222097,0.4277410260686723,0.4602752809277543,0.5333726305287871,0.4538592383661158,0.5672227018255596,0.8112743574777015,0.43089286689121475,0.42152074144769913,0.46523902204025475,0.8294704102912956,0.495119134436452,0.5641316526260448,0.4874028809574292,0.5983377084872209,0.49201249993188795,0.5277610958328691,0.8128994329739754,0.5389289253793728,0.6756416244749311,0.8836193558851099,0.4999999989447189,0.5616551146075396,0.48442301071240546,0.53604643997938,0.44013508014847935,0.680250519640791,0.6277137271622976,0.6344666426688181,0.4964037735342322,0.4814189537484713,0.515450266953467,0.47467524598827304,0.8152610926437206,0.955475763143948,0.5675305399756239,0.9270029426136248,0.44781923487087705,0.4617378826036434,0.44813635106806105,0.5537857432603797,0.4400525779656825,0.5198648484795171,0.6196569992666172,0.4437279825820311,0.5013182630502543,0.5051550672771975,0.8571999106651162,0.6486366421590866,0.8242959638667299
Notre Dame,0.771649050340798,0.4139000230909836,0.35723178921109905,0.4019879314458486,0.3762560778841639,0.36149984148343783,0.4568577264377614,0.8714813950328335,0.8309372285303644,0.5936216475692706,0.7120610843680164,0.4537715076926434,0.40943765889933126,0.5790635580082418,0.5209019009889282,0.8019325696842919,0.36612719824642614,0.7592316432070012,0.3543066200827662,0.3684305533106984,0.39960374441577184,0.47148281204355996,0.3934169625572738,0.5056614487205805,0.7703750229275893,0.37142902052644483,0.36252637565201024,0.4044034377864088,0.7915009584057229,0.43354401752295585,0.5025163401149237,0.42597773506315856,0.5375943383539002,0.4304943064737151,0.4658723309313511,0.7722534086064531,0.47705351235745425,0.6191476080618442,0.8556077128708807,0.4383448875696346,0.5000000032660712,0.42306345904771797,0.47416163093688185,0.38024797722797377,0.6241126451883392,0.568206916490072,0.575308943273149,0.4348064824676437,0.42012984462123976,0.4536184254499665,0.4135600044166539,0.7749861044376238,0.9436564152295115,0.5059749376570601,0.9083502375517071,0.3876104470528334,0.40101679852157307,0.38791487967535526,0.4920248441062269,0.38016907807228834,0.4580039953952491,0.5597655613722666,0.38368704264090847,0.43964352912940846,0.4434280333998225,0.8240952584190766,0.5902913249614595,0.7854723656469703
Ohio St,0.8216924355223539,0.4905871446531455,0.4311429961449853,0.4782689961373694,0.4513395374657656,0.435695532738138,0.5342489789851149,0.9024132551480477,0.8701735639206581,0.6657817275395511,0.7712927850568165,0.5311512182310318,0.48598355089319756,0.6522945362267469,0.5972131130384848,0.8466581222820098,0.4406172305795555,0.8113309597712483,0.42801562047672576,0.44306165370182166,0.4757923445270464,0.5488480384614742,0.4693480976716511,0.5824543228430461,0.8206327125471482,0.4462383549707852,0.43678862696616805,0.4807743630697491,0.8381065319925779,0.5106993698300626,0.5793913932793544,0.502982203227342,0.6132209604411605,0.5075932605179581,0.5432632433674884,0.8221948664199957,0.5543740183524148,0.6891485893166727,0.8898772852809228,0.5155769804832603,0.5769365365670922,0.49999999224239333,0.5515077362271034,0.4555462465626776,0.6936525820450302,0.6421594637524356,0.6487969530933586,0.5119834402421045,0.49699245330946135,0.530997408089287,0.4902368218858086,0.8244645314463793,0.9580533062653607,0.5827592962239991,0.9311099558737567,0.4632768192393141,0.4772606527827877,0.4635956914853084,0.5691310474312972,0.4554632056893547,0.5353980165640809,0.634233194554135,0.4591617774415042,0.5168938569561486,0.5207253917867234,0.8646608594809128,0.6627067572182312,0.8331414202509685
Providence,0.7893632968173095,0.4391973323416645,0.3813189558414215,0.42708771399159035,0.40082608219271004,0.385702102934341,0.48261860046199595,0.882629144466544,0.8449762033303495,0.6183151909877771,0.7327971848695468,0.47951199456557575,0.43466449887236464,0.6040516762123201,0.5466395223779692,0.8178521195162836,0.39044981345309016,0.7776315756115472,0.37831263738393833,0.39281136072025025,0.42466037352273656,0.49731326934058706,0.4183559699696592,0.5314814040250326,0.7881609694568704,0.3958838742826843,0.3867557340334474,0.42954570853576585,0.8080582642590004,0.4591014837912441,0.5283473437845543,0.45144464023903647,0.5631872001066811,0.45601672172570207,0.4916813653613799,0.7899335351528266,0.5028987630998871,0.6432222984817997,0.8679236783910736,0.4639535659261768,0.525838379293488,0.4484922630151096,0.5000000069916917,0.4049094372252816,0.6480518890540891,0.5933869682074776,0.600366125275935,0.4603778855491028,0.44551848334107375,0.47935784924399527,0.4388520926034383,0.7925110879318472,0.9489106895835028,0.531793680118264,0.9166059958446698,0.41243164181420366,0.426099149590277,0.41274242999463545,0.5178779562320708,0.4048287635136646,0.4837719345806581,0.5850784097563193,0.40842455808077793,0.4652652278240278,0.4690856560185581,0.838592027037835,0.6150560069892927,0.8023888877801717
Purdue,0.8463352092939361,0.5350996434979041,0.47529425465772346,0.5228108905911925,0.49575657187287914,0.4799196792701795,0.5782263329252249,0.9170266186458534,0.8890210128254967,0.7042155157742579,0.8012159026523084,0.5751884885400791,0.5305133513100733,0.6915607728577389,0.639259628972414,0.8684031302218203,0.48491166151498183,0.8371218744004627,0.4721124130012606,0.4873877116106427,0.5203336212062271,0.5924983566029229,0.5138774860040058,0.6250742826984611,0.8453943872470233,0.4906022670732992,0.48102914681929504,0.5253146548434233,0.8608649336243666,0.5550483907245435,0.6221211620928317,0.5474108131236717,0.65456298967402,0.5519768325498701,0.5870473517436063,0.8467811502502834,0.5978814013554086,0.7260011405735394,0.9061726953661592,0.5598649163153003,0.6197520234636417,0.5444537432286842,0.5950905670727524,0.499999997467631,0.7301802299164051,0.682012292375383,0.6882694097034956,0.5563171885041841,0.5414683809824198,0.5750375666367539,0.5347509017507034,0.8487946906366387,0.9646609994495635,0.6253681489556284,0.9417036672858663,0.5077813820640976,0.5218025601163137,0.5081018878117742,0.612205507947195,0.49991629371831114,0.579352300427758,0.67452135187843,0.5036419751102829,0.5611638727549711,0.564939820923658,0.8842021110110505,0.7013355285023576,0.8564782741284251
Richmond,0.6705347675300926,0.29840444155884144,0.2507829759435624,0.2881819465221032,0.2664886610280609,0.25428235583686426,0.33625221751983647,0.8033048810231976,0.7474848426936086,0.468022730732948,0.5982969126568054,0.3334804972405762,0.2945614602039471,0.45311042771750437,0.3957070170472283,0.709173960064407,0.2580920403506373,0.6550766881016483,0.24839261414453181,0.25999450825801673,0.286149761666613,0.34950082502870866,0.280897709228047,0.38121492738717544,0.6689386325092292,0.26247723513082577,0.2551260830780936,0.2902455103357622,0.6957107419507792,0.3155178145664644,0.3782515868273151,0.3088881302157548,0.4118362124648557,0.31283982245363595,0.3443960224789526,0.6712927398602869,0.3545972507188274,0.49472279621153564,0.7811254024973724,0.3197494652794192,0.37588734260237894,0.30634739752565276,0.3519481024746839,0.26981975526050206,0.49999998372296617,0.44213486337257296,0.44930078237913595,0.3166287007824612,0.3037969471480781,0.3333432308287401,0.29811104336920613,0.674726600148325,0.9098046733474293,0.3815108072480037,0.8565116679038509,0.27599626869792676,0.28735363850801926,0.2762525837613636,0.3684330927188463,0.26975379607911987,0.33728379586967133,0.4336853005872249,0.27269953871763836,0.3208974976074653,0.3242513081862007,0.7383291076684929,0.4645914705733061,0.6880042151258362
Rutgers,0.7197268225023835,0.3492346435187462,0.29693449189366317,0.33811000881374753,0.3143179209205145,0.30081929226119053,0.38994617773213963,0.8374780047037083,0.7888062878114813,0.5260808938200847,0.6526881014332359,0.38698991062775856,0.34505900102851844,0.5110959793206619,0.4524236642784279,0.7547073020828831,0.3050409947807699,0.7055632986737064,0.294277015231915,0.3071462635970716,0.3358918831504809,0.40402261581931853,0.3301490969350851,0.4373577644643733,0.7182688734741661,0.3098906955032489,0.30175494917110024,0.34036014032862133,0.7425868516947306,0.3677351881888754,0.43426428369644804,0.3605863127190565,0.4690701709349069,0.36485023509801057,0.39860944863823006,0.7204188102282841,0.4094136952149478,0.5526522350414036,0.8182802170424189,0.37228626178912644,0.4317930761510826,0.35784051922277815,0.40661302815137296,0.31798769608980976,0.557865109948121,0.499999989235548,0.5072509978781178,0.3689308300468241,0.35508082116957973,0.3868434022039893,0.3489161225726444,0.7235508154604846,0.9271528183841151,0.4376663988200837,0.882789618414419,0.3247763985150781,0.33720617725812607,0.3250576760304633,0.42398331745701145,0.31791508867674906,0.3910454342030381,0.49141871037402296,0.3211554604668961,0.3735193485437173,0.3771177205984196,0.7807092515731886,0.5226421644255653,0.7356163653148238
S Dakota St,0.7138386213705775,0.3426716250365862,0.2909149574828186,0.33164950736186444,0.30810041594433335,0.2947540209461145,0.38306844042531557,0.8334912981180432,0.7839336810242011,0.5188441664142625,0.6460840606458517,0.3801318248776124,0.3385336323069614,0.5038462350981028,0.4452482342293832,0.749298012168418,0.298926995519453,0.6995017747689488,0.288289263448391,0.30100834454493997,0.3294526688872756,0.39705819505493345,0.3237663026011956,0.4302335390722481,0.7123622837252945,0.30372197412623114,0.29567879062740116,0.3338783320109253,0.737003418980605,0.36101737117999244,0.427152192843271,0.3539259874549411,0.46185340968284466,0.3581552665464889,0.3916770146254797,0.7145393808785655,0.4024190932123911,0.5454706922749138,0.8139272153335182,0.365533371043473,0.4246910753961984,0.35120305427017384,0.39963389663256027,0.3117306017144722,0.5506992171849935,0.4927490071929987,0.5000000158366352,0.36220368356398086,0.34846676746497474,0.37998630341144385,0.34235594088258575,0.7177114421408124,0.9251693054916458,0.4305409930539161,0.8797548273522611,0.31844809461701745,0.33075431584836706,0.31872647848042024,0.41691551861454507,0.3116587701333177,0.38416051771107323,0.4841716678603338,0.31486481059903265,0.3667571592966275,0.3703288952929668,0.7757029522515839,0.5154012965925865,0.729936724892183
San Diego St,0.8145594670194424,0.4786133326331118,0.41942547732279734,0.46632061672335323,0.43949719766776146,0.4239464954885675,0.5223021305010118,0.8981090037929974,0.8646605823695972,0.6550302222941126,0.7627258383139498,0.5191964207186491,0.47401754596120654,0.6413428866236924,0.5856286637864698,0.8403298043911639,0.42883633244872393,0.8038824238540011,0.41632089268375233,0.43126578663522014,0.4638508292332698,0.536951096943994,0.4574271867915747,0.5707504921876155,0.8134669748067058,0.4344238832191483,0.4250323148074496,0.468819636042445,0.831495534530248,0.4987152493665988,0.5676654348854853,0.4909974547635148,0.6017899246171997,0.49560820045255866,0.531344783790618,0.8150774737084394,0.5425013303791344,0.6787861133970368,0.8850905177135999,0.5035962040777444,0.565193499771694,0.4880165306830988,0.5396221001987523,0.4436827879323259,0.6833712666652791,0.6310691400605096,0.6377963113562781,0.49999997866609935,0.48501115258712724,0.5190422399616066,0.47826353269919636,0.8174178161576184,0.9560837363199086,0.5710577185963459,0.9279703991875391,0.4513789445076032,0.46531499732994047,0.4516965194240294,0.5573375864022906,0.44360014765000433,0.5234543514780708,0.6230414200370192,0.4472815140579888,0.5049143749920433,0.508750623510153,0.8589517297006686,0.6519080509532326,0.8263696742994988
San Francisco,0.8234482310678004,0.4935939659410195,0.43409595039088494,0.4812716467177344,0.45432034354521317,0.43865562374754913,0.5372411815103564,0.9034675723076063,0.8715266071100273,0.6684533134499938,0.773408009247021,0.5341459685564464,0.4889892409504644,0.6550180694019698,0.6001035893976866,0.8482134926742724,0.4435844748259869,0.8131655856044757,0.43096338246176835,0.4460322336153086,0.4787937154743419,0.5518251300675427,0.47234544680438867,0.5853771804223811,0.8223966877139737,0.4492130545692738,0.4397503571460915,0.4837781578492395,0.8397322230585857,0.5137051524626132,0.5823203163944668,0.5059895350409892,0.6160704111941273,0.5105998389372146,0.5462467202698779,0.8239467745485046,0.557344054606047,0.6917198787982919,0.8910506882774245,0.5185810452041304,0.5798701585677614,0.5030075389396467,0.5544815235739637,0.4585316165090201,0.6962030390867106,0.6449191689761433,0.65153324692292,0.5149888261045726,0.5000000000064343,0.5339922789087755,0.49324357502136884,0.826198803870795,0.9585341159246478,0.5856815375431994,0.9318776411807863,0.4662694642333918,0.4802628001991244,0.4665886056410285,0.5720786492411203,0.4584484896707051,0.5383892154151669,0.6370194752961217,0.4621507291154743,0.5198973597882386,0.5237270226172115,0.8660625125383532,0.6653905696247162,0.8348071424468225
Seton Hall,0.8027715263795833,0.4596368350153952,0.40099087484960877,0.4474132695155906,0.42081984522970783,0.4054519554134661,0.5032654283311028,0.8909208683216217,0.8554924307258241,0.6376129753837371,0.7486596576116814,0.5001543972200039,0.45506422718385087,0.6236316490157371,0.5670235589017893,0.8298378018960795,0.41028040513482067,0.7915894257515043,0.39792921745519955,0.41268069030046706,0.4449601292955642,0.5179593949097477,0.4385840926496469,0.551988408154748,0.8016265001472848,0.41580219082735576,0.40652383440588963,0.44989638173196067,0.8205469950903128,0.4796749890809604,0.5488750882423796,0.47197442306360016,0.5833942507087623,0.47657378771093095,0.512331977141251,0.8033145103835462,0.5235352714760648,0.6619492828266227,0.8771096325494806,0.4845497226952997,0.5463815685622315,0.46900257491284186,0.5206421484457951,0.42496242179165844,0.6666567464305847,0.6131565787536669,0.6200137027430864,0.48095772944308823,0.4660077118347942,0.4999999906941545,0.459288686923637,0.8057682471097551,0.9527704803414482,0.5522985296509251,0.9227076045781613,0.43258635609060464,0.44641431726285313,0.43290114214437797,0.5384633197913886,0.4248806053199662,0.504419998526855,0.6049830659413974,0.4285262685873342,0.48586683536930525,0.4897015100426563,0.8494641781757841,0.6344211462897484,0.8151621191927562
St Mary's CA,0.827343211362935,0.5003504483290923,0.44074683616580296,0.4880220058124064,0.46102865419578465,0.4453213952314676,0.5439533655478673,0.9057991646921923,0.8745225372610353,0.6744156961105777,0.7781094691809979,0.5408646796000136,0.4957443963121601,0.6610995693369862,0.6065716954311903,0.8516605394517427,0.4502650672656095,0.8172370666315332,0.43760338694756634,0.45271969625377617,0.48554185101672814,0.5584996166506992,0.479086237923817,0.5919215045779579,0.8263099732667335,0.4559089590349533,0.4464195344338123,0.4905304280438795,0.8433363036431667,0.5204539981983569,0.588879003383803,0.5127438938861782,0.6224427443971593,0.517351290064943,0.5529369787356411,0.8278330558596382,0.5640012895257798,0.697453223999046,0.8936468869391456,0.5253247497041378,0.58643999558595,0.5097631670973997,0.5611479110691046,0.46524909248153684,0.7018889402761764,0.6510838646803331,0.6576440704407984,0.5217364427500021,0.5067564217222731,0.5407113005904598,0.4999999967366129,0.8300456269307268,0.959595142970294,0.5922244042069859,0.9335734842845178,0.4730012741565125,0.48701229412483255,0.4733209370732922,0.5786818007757852,0.4651657940325579,0.5450988473062659,0.643245452592863,0.46887531331015125,0.5266394564077169,0.5304639096835276,0.8691667342188346,0.6713809538251653,0.8385006770092334
St Peter's,0.49524096617065066,0.17015222680838119,0.13894476215828575,0.16330066328515322,0.14903969613061951,0.14117763579677345,0.19628419634563377,0.663166640633471,0.5879752220662892,0.2978148085582162,0.41793224820902514,0.1943284399993285,0.16756645006886103,0.28541606527356783,0.2399367142996207,0.540345625888712,0.14361912955355563,0.4779614810756098,0.137424866892155,0.1448425230662062,0.1619487530484247,0.20572726862825683,0.15847025251843846,0.22898768918102053,0.4934371606554415,0.14644325209817569,0.14171739405280182,0.1646768755932782,0.5243092653169367,0.18181646968590848,0.22677400550805385,0.17726855897532448,0.252368259357389,0.17997490155331464,0.20207009342485455,0.49609915804984855,0.2094020728899129,0.32065767687290603,0.6324159483926411,0.18473891886476543,0.22501391190162529,0.1755354757322995,0.20748892992606646,0.1512053184119939,0.325273403259013,0.2764491920555731,0.282288587029772,0.18258218314059607,0.1738012077113999,0.19423175968416256,0.16995438260275425,0.5000000201583483,0.8294325375560423,0.22920918322811268,0.742111615817595,0.1552438850507932,0.16274922803322733,0.15541213046482527,0.21949936914960655,0.15116235251281118,0.1970138266664237,0.2696355931108853,0.15308454587397324,0.1855344186997272,0.1878648686041499,0.5763141523534059,0.2949395689202193,0.515286198424431
TAM C. Christi,0.16789113312701587,0.04045924535804495,0.03211801680983176,0.03858722618294679,0.034764894245501006,0.03269935495416811,0.04782078194067274,0.2881937322866403,0.22688061964021705,0.08022188168458727,0.12865783097565966,0.04725732118421211,0.039749984631329754,0.07590282785442196,0.060960162784083116,0.19468091651802308,0.03333767243050173,0.1584479056543376,0.03172362979868434,0.03365857534227597,0.03822061276411856,0.05057081287328219,0.037281447590716436,0.057559862087173945,0.1668854241797713,0.0340795213972342,0.03284023208109322,0.038961360370352534,0.1847792548012234,0.04370099644568457,0.056881153803614165,0.042428715368021376,0.06491055251910122,0.043184524238417836,0.04949993178157042,0.16837128650702404,0.051654373610641006,0.08847799560663804,0.26133999853320405,0.0445242394516123,0.05634358893347997,0.04194669510914706,0.051089314934750586,0.03533900242892678,0.09019532666282347,0.07284718311361314,0.07483070341005836,0.04391626283603426,0.041465886669159645,0.047229520918957164,0.04040485905282669,0.1705674830803016,0.5000000163082697,0.057627932054486485,0.37176834739003334,0.036415648268575476,0.038437577787647975,0.036460671989548665,0.054671134455361835,0.035327590308437,0.04803152278366252,0.07056234904401848,0.03583900940950246,0.04474910500038388,0.045409780680094755,0.21858179990283622,0.0792104078275654,0.17939571097847237
TCU,0.7674102295499444,0.40811416177972654,0.35176265265472245,0.39625600699924995,0.37066364261610624,0.35600155263786315,0.45093337739320094,0.8687806053268947,0.8275530095546625,0.5878432588078573,0.7071359517131064,0.44785417984900794,0.40367121356246205,0.5732269865959166,0.5149344203287995,0.7981088167312842,0.36059827686840007,0.7548355549081847,0.34885796117052775,0.3628867618250062,0.393883424344473,0.46553136312617605,0.38772801290006353,0.49968646513954823,0.7661197206358168,0.3658662477288897,0.35702120380643193,0.3986600316356344,0.7875291767518602,0.4276839346948591,0.4965411909448874,0.42014406820923994,0.531647832642334,0.42464454351845693,0.4599300725400572,0.7680224337802075,0.4710944234706238,0.6134958576847485,0.8526297510347076,0.4324694555512877,0.4940250621081254,0.41724069282591797,0.4682063233583939,0.3746318453903882,0.6184891740847481,0.562333587136256,0.5694590190437424,0.4289422570704182,0.4143184590649322,0.4477014576824231,0.4077755892588386,0.7707908285435147,0.9423720707276262,0.49999999649908067,0.9063409707627206,0.3819525911352916,0.39528956823754346,0.3822553538173529,0.4860525613912001,0.3745534072791526,0.452077154140595,0.5538675637189623,0.3780511014101798,0.4337641335700872,0.43753754502224435,0.8206036491333363,0.5844987271066932,0.781417457666837
TX Southern,0.2542618968178895,0.06651349019025424,0.053098060715070595,0.06351575795435457,0.05737143818782442,0.054037937669101574,0.0782290954682016,0.40623906440706986,0.33150819329433295,0.12845394612353872,0.1996888069517139,0.07733644166990314,0.06537861196214126,0.12188223682730492,0.09885612333926277,0.29002990763372877,0.05506908703411134,0.24136981396793192,0.05246001653211765,0.05558714404169365,0.06292780325128747,0.08257616567766504,0.061420298388691334,0.0935526106746293,0.25289604955660167,0.05626636821511324,0.054265589441116494,0.06411547547338381,0.2769464440312405,0.0716868469065631,0.09249115035941553,0.06965915400030813,0.10498771524113525,0.07086413813670876,0.0808852825251936,0.25491339137969915,0.08428461422633123,0.14091343008625806,0.3741678723686113,0.07299704701933142,0.0916497511331069,0.06889003257947031,0.0833939949049699,0.058296323979236266,0.14348830578455748,0.1172103617147869,0.12024516358865078,0.07202958515033994,0.06812234936319762,0.07729238214197015,0.0664265056669858,0.2578883711016559,0.6282316330497777,0.09365901540188662,0.49999996275442327,0.06002886899597369,0.0632757949734303,0.060101266754135574,0.08902817112493105,0.05827794606941361,0.07856278572714367,0.11370473170121384,0.05910125059293168,0.07335467195471065,0.07440478454742805,0.3209711712430438,0.1269182553537429,0.2697662036998769
Tennessee,0.842243162980148,0.5273481395103246,0.4675378357010021,0.5150401874487761,0.48797677819689117,0.4721557005610438,0.570616891772404,0.9146271694192397,0.885912445789344,0.6976907186634349,0.7962116544057574,0.5675652284913438,0.522753579698564,0.6848817355669824,0.6320506245845339,0.8648048716889573,0.47714101514647644,0.8328329406832161,0.4643619656890586,0.4796143326018933,0.5125601887924528,0.584961584418102,0.506098738627614,0.6177513071924313,0.8412819856112217,0.4828259089658243,0.4732635524076775,0.5175470990733797,0.8570944767879233,0.5473481358111083,0.6147760539969661,0.5396879984782061,0.6474911665216458,0.5442670663981116,0.579481316308542,0.8426987720505339,0.5903753581510028,0.7197656795793604,0.9034924014388254,0.5521807644551238,0.6123895564031883,0.5367231734167701,0.5875683653254257,0.49221861577791653,0.7240037185908365,0.6752235923704325,0.6815519194562153,0.5486210347305552,0.5337305361451722,0.5674136351397794,0.5269987229623858,0.8447561257198465,0.963584354072898,0.6180474059119541,0.9399711226820198,0.5000000003738604,0.5140306998857819,0.5003205869656331,0.6047901010257714,0.49213493251964674,0.5717481281585031,0.6676506601432896,0.495860124130276,0.5534843122390136,0.5572742067933595,0.880976635786475,0.6947747366642333,0.8526092949852776
Texas,0.8346401107218525,0.5133379102075615,0.4535916844603594,0.5010103392222635,0.4739636458764976,0.45819033547939614,0.5568113464714863,0.9101404528855852,0.8801144492165379,0.6857205795484771,0.7869512973424966,0.5537383003930202,0.5087340319597525,0.6726423859736185,0.6189011057332255,0.8581059869147257,0.46315757961689524,0.8248706670935321,0.450430409094839,0.4656229623475403,0.49852845042668464,0.571270722295205,0.4920653217079872,0.6044106071422723,0.8336417594135651,0.4688252559455894,0.45929393180545597,0.5035198643577486,0.8500797747041335,0.5334062054086816,0.601398516968822,0.5257145741147302,0.6345744211020341,0.5303116714177438,0.565743879926041,0.8351133790311559,0.5767338603346024,0.7083041743445733,0.898485453305941,0.5382621151876296,0.5989832034957565,0.522739338311607,0.573900856107704,0.478197436191894,0.7126463472035625,0.6627938120757292,0.6692456971409553,0.5346849802779787,0.5197371986426612,0.5535856723851268,0.512987701448313,0.8372507823182589,0.9615624244509255,0.6047104272997784,0.9367241959195418,0.48596929932224636,0.49999999883354374,0.4862896392342189,0.5912963240936725,0.4781138922073384,0.5579507778607192,0.6550791022691987,0.48183364387634986,0.5395723952342764,0.543382955440869,0.8749632018630171,0.6827416401093206,0.8454141402667186
Texas Tech,0.8420727032001709,0.5270285006177993,0.4672186135399302,0.514719884570534,0.4876563817332611,0.4718361194053238,0.5703026712797541,0.9145269849620239,0.8857827727639567,0.6974201795053929,0.7960035034225031,0.5672504684346534,0.5224336474903998,0.6846049153958517,0.6317523480568289,0.8646548728216547,0.4768211078160504,0.832654333223705,0.46404302215797794,0.47929428710347904,0.5122397991562029,0.5846502203032493,0.5057781970403172,0.6174484549030405,0.8411106831847491,0.48250570746834065,0.4729438932604466,0.5172268999271402,0.8569373384249152,0.547030404567348,0.6144723155692802,0.5393694153601243,0.6471984200989646,0.5439489744175251,0.5791687986243499,0.8425287125234832,0.5900652092635503,0.7195069533485128,0.9033805307326467,0.5518636480747724,0.612085123605893,0.5364043009859996,0.5872575769671625,0.4918981098452638,0.7237474033720908,0.6749423146885409,0.6812735354386187,0.5483034596282069,0.5334113945533259,0.5670988489027574,0.526679059860866,0.8445878802181718,0.9635393303287036,0.6177446430541943,0.9398987248726456,0.4996794135970188,0.5137103597888516,0.5000000001887918,0.6044835544650898,0.4918144283004067,0.5714341137490602,0.6673660547818524,0.4955395610328251,0.5531673719704682,0.5569578033059286,0.8808421072453296,0.6945027306049308,0.8524480737761676
UAB,0.7772218735464521,0.4216600201809837,0.36459024808376844,0.40968070390012085,0.3837724372486064,0.3688957597250363,0.4647844297919355,0.875012476007903,0.8353718365965251,0.6012942920526851,0.7185577342446666,0.46169018083543845,0.41717354266817774,0.5868197522801193,0.5288578284355571,0.806951229793239,0.3735623990518245,0.765015225458941,0.3616387253671215,0.3758847920144919,0.40728196497717345,0.4794392769997122,0.4010557143574591,0.5136341557449722,0.7759699114348326,0.3789075289989929,0.36993112779042825,0.41211058004890255,0.7967169338711135,0.44139494474881263,0.5104906674061983,0.43379657432281166,0.5455149224043088,0.4383327423836536,0.47381899719250353,0.7778157294510805,0.485017714605265,0.626641427406467,0.8595046162508923,0.4462142690579389,0.5079751726733857,0.430868958218793,0.48212206425121107,0.38779450248501707,0.631566904712978,0.5760166852327062,0.5830845099293626,0.44266240588440486,0.42792136400207353,0.46153668439565193,0.4213182092247055,0.7805006539279099,0.9453288717105479,0.5139474486178974,0.9109718211775769,0.3952099122557245,0.4087036878458874,0.39551645864298346,0.5000000135178112,0.38771501706729444,0.4659335259138328,0.5676118246510785,0.3912587316880559,0.4475176483711302,0.4513153423819328,0.8286723311482755,0.5979842649559488,0.7907992951110843
UCLA,0.8463787466448907,0.5351829319932453,0.4753777529427689,0.5228944176927807,0.4958402679153182,0.48000324678335116,0.5783079839297928,0.9170520902136312,0.8890540415498237,0.7042852501414844,0.8012692217733735,0.5752702956610618,0.5305967406827641,0.6916321842800935,0.6393368343153808,0.8684413870494363,0.48499528766808064,0.8371675199054214,0.4721958553467723,0.48747136065835683,0.5204171841613014,0.5925791914543144,0.5139611230888771,0.6251527437736709,0.8454381424775617,0.49068593971952706,0.48111272880740324,0.5253981415326613,0.8609050308872546,0.5551310765763162,0.6221998676446404,0.5474937611832632,0.6546386892448859,0.5520596285475359,0.5871285144108896,0.8468245841213504,0.5979618929536993,0.7260677366704521,0.906201158108154,0.559947416727058,0.6198309209254754,0.5445367823195563,0.5951712390521892,0.5000836994199384,0.7302461876841218,0.6820848982311563,0.6883412397411752,0.5563998270132471,0.5415515060362023,0.5751193813525767,0.5348341984115261,0.8488376556113929,0.9646724113245035,0.6254465853834433,0.9417220448037802,0.5078650635258106,0.5218861023073537,0.508185567560113,0.6122849916577473,0.4999999956706183,0.5794338919987032,0.6745948520594716,0.5037256725196477,0.5612463204964155,0.565022109141914,0.8842363871510023,0.701405653959905,0.8565194248777255
USC,0.7999571826628731,0.45524874753142386,0.39675158713907954,0.44304619856982913,0.4165166914788436,0.4011970930730562,0.4988453385956091,0.8891907437018111,0.8532929026479779,0.6335178024730836,0.7453181329499747,0.4957343625025086,0.4506833846134185,0.6194727717927793,0.5626778079469915,0.8273266044660379,0.4060094745998563,0.7886575268971681,0.3937010237313881,0.4084020773325425,0.4405979109886968,0.513543672274145,0.4342354792518471,0.5476121482566644,0.7987999125747092,0.41151389039220987,0.40226533421241284,0.4455246149482367,0.8179287698799832,0.4752638548935956,0.5444935127284412,0.4675704686539797,0.579090840598331,0.47216529314954053,0.5079136794913589,0.8005059893041363,0.519123205678983,0.6579816050496405,0.8751911337440511,0.4801351259572116,0.5419959834725573,0.4646019512918284,0.5162280478811234,0.42064767317355645,0.6627161676285587,0.6089545321609144,0.615839474044763,0.4765456027405851,0.4616107601875363,0.49557996762154066,0.454901125108209,0.8029861705555598,0.9519684757092334,0.5479228180677534,0.9214371963796226,0.42825184816473527,0.44204919676985227,0.4285658623885395,0.5340664631067792,0.4205660798523566,0.4999999754515957,0.6007500460657892,0.424202028542929,0.4814514471277637,0.485284166402587,0.8471892845546273,0.6303108170729455,0.8124832827677467
Vermont,0.7265990889626505,0.35707632292695873,0.30415068582854354,0.3458346428439283,0.3217632314802325,0.3080885248203208,0.3981427171635613,0.8420964690560603,0.7944684360518042,0.5346312090969935,0.6604286036734058,0.39516456155443813,0.3528577592000856,0.5196698059381151,0.46094119679650014,0.7610066658013637,0.3123666668583029,0.7126441960468162,0.3014563177904997,0.31449961439092966,0.3435921472712164,0.4123150604820386,0.33778467089183795,0.4458225898611287,0.7251632375700674,0.3172796624124847,0.30903679811433254,0.3481091450812776,0.7490939991517142,0.37575241927241254,0.44271634737362797,0.36853853362713396,0.4776277371725416,0.37284165917160506,0.4068666387836458,0.7272805385517763,0.4177392319165093,0.5611230854512503,0.8233291465066191,0.38034302678403265,0.44023447012576655,0.3657668248681986,0.41492162489083034,0.3254786710910955,0.5663147116059352,0.5085813075447644,0.5158283766201996,0.37695858687222733,0.36298055124391704,0.39501695258677605,0.3567545707454496,0.7303644453672049,0.9294376627601328,0.4461324611762885,0.886295264849403,0.3323493656516948,0.3449209226052937,0.33263397085988355,0.43238821678349115,0.32540516932947233,0.39924995790622725,0.5000000286885189,0.3286850958175487,0.3815865769964353,0.3852148789582853,0.7865297350362939,0.5311992347337896,0.7422385560162036
Villanova,0.844431018538292,0.5314737619361543,0.4716624786579819,0.5191752876886879,0.4921150843208613,0.47628464169850604,0.5746694507572463,0.9159113893888252,0.887575513228213,0.7011720257995036,0.7988854619235449,0.5716249671348403,0.5268833263835044,0.6884446787904704,0.635893343581895,0.8667293402433954,0.48127380265393,0.8351257548607568,0.4684832421315862,0.4837487225514292,0.5166965920595404,0.5889762777619725,0.5102375807125356,0.6216539697219982,0.843480694068285,0.48696207705273087,0.47739341951755576,0.5216806752918622,0.8591108201117084,0.5514476736630624,0.6186903430327666,0.5437990891220646,0.6512616041195699,0.5483714841328725,0.5835112771722845,0.8448814727015732,0.5943739967539914,0.7230936707165749,0.9049267053820705,0.556272016504255,0.6163129605712387,0.5408382149816197,0.5915754488018724,0.49635802248732097,0.7273004484721832,0.6788445302591045,0.6851352031784408,0.5527184649736804,0.5378492710200244,0.5714737224241678,0.5311246835684494,0.8469154646474568,0.9641609928625456,0.6219488954192784,0.9408987411512979,0.5041398763733951,0.5181663550884075,0.5044604392857868,0.6087412813140849,0.49627432328104926,0.5757979475996828,0.6713149296176779,0.5000000001298455,0.5575731971730282,0.5613558908746236,0.8827021266851579,0.6982751014987902,0.8546781925938608
Virginia Tech,0.8115716832361953,0.47371001417469005,0.4146462974216442,0.461431779907485,0.4346605370577412,0.41915299244501536,0.5173953857231033,0.8962959743056309,0.8623436024896834,0.6505747284160341,0.7591498542561255,0.5142874411515476,0.46911894746805394,0.6368086309710771,0.5808503837357745,0.8376744850550165,0.4240282382630923,0.8007646899560372,0.41155201163066774,0.42645079105737305,0.458965617356485,0.532060013253947,0.45255252338905566,0.5659278120694429,0.8104656846875211,0.42960026182789207,0.42023549087487283,0.46392737496582015,0.8287232452318662,0.49380103494062316,0.5628346422857418,0.48608554618744415,0.5970697838486844,0.4906946328203754,0.5264467082027062,0.8120961106784493,0.537618388404079,0.6744849672426301,0.8830759978126627,0.49868173990625414,0.5603564780424224,0.483106139302331,0.5347347831263708,0.4388361287023315,0.6791024917010718,0.6264806451357383,0.6332428591422878,0.4950856076875396,0.48010264422364246,0.5141331593408891,0.47336054433858143,0.8144655959098182,0.9552508984740752,0.566235866931838,0.926645319009192,0.4465156920964748,0.46042760759325435,0.4468326321826371,0.552482368965357,0.4387536791907778,0.5185485323639043,0.6184134538698314,0.44242680691371433,0.5000000040118101,0.5038369125369668,0.8565532296335179,0.64743393688478,0.8235309506292339
Wisconsin,0.8092133892319789,0.46988524148864036,0.4109260590222923,0.4576199423632589,0.430892914633145,0.41542101562406436,0.5135620828049466,0.8948606839669427,0.8605115335423934,0.6470776975852183,0.7563324551748778,0.5104528095257315,0.46529847065054064,0.6332514950409971,0.5771091422166575,0.8355766959447817,0.4202842624183762,0.7983047543199837,0.4078401923463727,0.42270112315508523,0.45515693505421984,0.5282369834749927,0.4487529182848404,0.5621537780341213,0.8080968215622274,0.42584346230600045,0.4165007870133041,0.4601125342185279,0.8265337312343924,0.4899650659520483,0.5590546689442304,0.48225241255933615,0.5933719654515603,0.48685958577049665,0.5226189654400275,0.8097428415092687,0.5338009798768252,0.671106256167475,0.8814819336201657,0.49484492049469564,0.5565719587933582,0.4792745893140719,0.5309143398149961,0.4350601656010582,0.6757486677542413,0.6228822587880972,0.6296711090559497,0.4912493439917776,0.47627296624024534,0.5102984694860606,0.46953607593255425,0.812135136878801,0.9545902202101192,0.5624624405317326,0.9255952021141607,0.442725782548089,0.4566170323114527,0.44304218585129135,0.5486846599395326,0.43497787561676604,0.5147157979058263,0.6147851376330553,0.4386440982474027,0.49616308030113915,0.49999998882587415,0.8546570853092066,0.6439226772451103,0.821289374626261
Wright St,0.41904442085463006,0.13099275487183937,0.1060496500588534,0.12547960441148845,0.11407123239621376,0.10782008634742053,0.15221374507797744,0.591405169822574,0.5119828706373588,0.23769000128250004,0.3454888667515035,0.1506148132973664,0.12890963482783557,0.22698524391001712,0.18836224845394478,0.4635829705392212,0.10975842788205732,0.4023045660473455,0.10484577434135539,0.1107306801676539,0.12439425124826577,0.15995859296264017,0.12160533809177282,0.17921179949972138,0.41728870869391155,0.11200379745811435,0.10824838495042256,0.12658530265899548,0.44760632305994824,0.14042680809515648,0.17736861479808433,0.13674117869415348,0.1988206255308014,0.13893327704690936,0.15695426128952342,0.4198804094427867,0.1629836127232775,0.25761310005342974,0.5584650014062467,0.14280008917955497,0.17590474390270688,0.13533913723330232,0.16140797714721322,0.11579788825407562,0.26167088032302493,0.21929074156063583,0.22429705928359095,0.1410482603182794,0.13393748780708045,0.1505358174417938,0.13083326463247927,0.4236858680561987,0.7814182117434654,0.179396349239737,0.679028796929883,0.11902336467988879,0.1250367979495062,0.11915789314379138,0.1713276769475973,0.11576361137852675,0.15281070311545517,0.2134702847266715,0.11729787367428476,0.14344677270093753,0.145342909505383,0.500000000738046,0.23520080150734127,0.4386859423353774
Wyoming,0.7010863582050018,0.3289284053134443,0.27836844402345545,0.31813439596807175,0.29512120715729084,0.28210780897126747,0.36861360734069937,0.8247621793395123,0.773313126672537,0.5034468816711087,0.6318695382548026,0.36572211321523174,0.3248743487803984,0.48844221028462215,0.43008277813210133,0.7375449508429145,0.2861743951998268,0.6863913002073782,0.27581194336559417,0.28820345308212886,0.315984755950206,0.3824026810221492,0.3104232328511563,0.41519673499008464,0.6995719189393866,0.2908496784253396,0.28300882392084364,0.3203159235418853,0.7248856042525229,0.34692670539445836,0.4121451814530019,0.3399648433198955,0.4465776673456633,0.34411615035775,0.37709589859460896,0.701805300759066,0.38769293930442417,0.5301538739487579,0.804413136582666,0.35136336634397974,0.40970868824214396,0.3372932451288064,0.3849440094650198,0.29866447807502006,0.535408523561838,0.47735783519338276,0.48459872960178907,0.3480919391063337,0.3346094396276051,0.36557885470919826,0.3286190524576567,0.705060456483782,0.9207895999593531,0.41550127957846245,0.8730817327395171,0.30522527245996184,0.31725836787576367,0.30549727836675705,0.4020157580266158,0.2985943511111509,0.3696891697234593,0.46880080418522047,0.30172490736056584,0.352566076258094,0.35607732202896136,0.7647992064942597,0.5000000103826171,0.7176180605759843
Yale,0.47996059412335845,0.1616892375062757,0.13178746008663803,0.15511475665838886,0.14144780851550703,0.1339232036826197,0.18681405831441864,0.6493706777627102,0.5730821443029542,0.28518428084577574,0.403132129545793,0.18493094983883704,0.15920739735162676,0.27310685758795705,0.22896045205623464,0.5251213951869468,0.13625914564044966,0.4627255066695522,0.130334006643919,0.13742990555482804,0.15381815626314277,0.19591258653038884,0.15048293460922976,0.21836840226299964,0.4781597214820158,0.13896202594964882,0.13443956809449564,0.15643488062088562,0.5090364937113427,0.17289419888007604,0.21622858741332787,0.16852349869979957,0.2410036228876091,0.1711241006859862,0.1923876243051551,0.48081753006198014,0.19945610067418465,0.3074825911327954,0.6180858327386641,0.1757040326838649,0.21452763325249224,0.16685857271118454,0.1976111135471922,0.1435217222176907,0.31199576669216544,0.26438362250006203,0.2700632837324302,0.1736303106446968,0.16519285485443233,0.18483787224618925,0.16149931856952776,0.48471381682079206,0.8206042957399747,0.21858253659429044,0.7302337630915849,0.1473907027401543,0.1545858565625979,0.14755192385409482,0.20920071059244538,0.1434805705858949,0.18751669928659498,0.25776146218959095,0.14532180503682707,0.176469048855113,0.1787106159374075,0.561314053566375,0.28238194386897997,0.4999999951011374
